school_name,district,city,channel_group,utm_source,utm_medium,utm_campaign,utm_content,apply_url,message_sms,message_whatsapp,send_owner,send_channel_actual,sent_at,delivery_proof,status
Abdülhamid Han Ortaokulu,KARATAY,Konya,outdoor_qr,konya_outdoor,qr,bursluluk_2026_school_coverage,karatay-abdulhamid-han-ortaokulu,https://teachera.com.tr/bursluluk-2026?utm_source=konya_outdoor&utm_medium=qr&utm_campaign=bursluluk_2026_school_coverage&utm_content=karatay-abdulhamid-han-ortaokulu&utm_term=karatay,"Merhaba Abdülhamid Han Ortaokulu velileri, Teachera Bursluluk Sinavi 2026 basvurulari acildi. Basvuru linki: https://teachera.com.tr/bursluluk-2026?utm_source=konya_outdoor&utm_medium=qr&utm_campaign=bursluluk_2026_school_coverage&utm_content=karatay-abdulhamid-han-ortaokulu&utm_term=karatay","Merhaba Abdülhamid Han Ortaokulu velileri. Teachera Bursluluk Sinavi 2026 basvurusu icin link: https://teachera.com.tr/bursluluk-2026?utm_source=konya_outdoor&utm_medium=qr&utm_campaign=bursluluk_2026_school_coverage&utm_content=karatay-abdulhamid-han-ortaokulu&utm_term=karatay
Sorulariniz icin bu numaraya yazabilirsiniz.",,qr,,,READY
Akabe İlkokulu,KARATAY,Konya,mall_screen,konya_avm,screen,bursluluk_2026_school_coverage,karatay-akabe-ilkokulu,https://teachera.com.tr/bursluluk-2026?utm_source=konya_avm&utm_medium=screen&utm_campaign=bursluluk_2026_school_coverage&utm_content=karatay-akabe-ilkokulu&utm_term=karatay,"Merhaba Akabe İlkokulu velileri, Teachera Bursluluk Sinavi 2026 basvurulari acildi. Basvuru linki: https://teachera.com.tr/bursluluk-2026?utm_source=konya_avm&utm_medium=screen&utm_campaign=bursluluk_2026_school_coverage&utm_content=karatay-akabe-ilkokulu&utm_term=karatay","Merhaba Akabe İlkokulu velileri. Teachera Bursluluk Sinavi 2026 basvurusu icin link: https://teachera.com.tr/bursluluk-2026?utm_source=konya_avm&utm_medium=screen&utm_campaign=bursluluk_2026_school_coverage&utm_content=karatay-akabe-ilkokulu&utm_term=karatay
Sorulariniz icin bu numaraya yazabilirsiniz.",,avm_screen,,,READY
Akabe İmam Hatip Ortaokulu,KARATAY,Konya,social_paid,instagram,paid_social,bursluluk_2026_school_coverage,karatay-akabe-imam-hatip-ortaokulu,https://teachera.com.tr/bursluluk-2026?utm_source=instagram&utm_medium=paid_social&utm_campaign=bursluluk_2026_school_coverage&utm_content=karatay-akabe-imam-hatip-ortaokulu&utm_term=karatay,"Merhaba Akabe İmam Hatip Ortaokulu velileri, Teachera Bursluluk Sinavi 2026 basvurulari acildi. Basvuru linki: https://teachera.com.tr/bursluluk-2026?utm_source=instagram&utm_medium=paid_social&utm_campaign=bursluluk_2026_school_coverage&utm_content=karatay-akabe-imam-hatip-ortaokulu&utm_term=karatay","Merhaba Akabe İmam Hatip Ortaokulu velileri. Teachera Bursluluk Sinavi 2026 basvurusu icin link: https://teachera.com.tr/bursluluk-2026?utm_source=instagram&utm_medium=paid_social&utm_campaign=bursluluk_2026_school_coverage&utm_content=karatay-akabe-imam-hatip-ortaokulu&utm_term=karatay
Sorulariniz icin bu numaraya yazabilirsiniz.",,social_dm,,,READY
Akçesme İlkokulu,KARATAY,Konya,social_paid,facebook,paid_social,bursluluk_2026_school_coverage,karatay-akcesme-ilkokulu,https://teachera.com.tr/bursluluk-2026?utm_source=facebook&utm_medium=paid_social&utm_campaign=bursluluk_2026_school_coverage&utm_content=karatay-akcesme-ilkokulu&utm_term=karatay,"Merhaba Akçesme İlkokulu velileri, Teachera Bursluluk Sinavi 2026 basvurulari acildi. Basvuru linki: https://teachera.com.tr/bursluluk-2026?utm_source=facebook&utm_medium=paid_social&utm_campaign=bursluluk_2026_school_coverage&utm_content=karatay-akcesme-ilkokulu&utm_term=karatay","Merhaba Akçesme İlkokulu velileri. Teachera Bursluluk Sinavi 2026 basvurusu icin link: https://teachera.com.tr/bursluluk-2026?utm_source=facebook&utm_medium=paid_social&utm_campaign=bursluluk_2026_school_coverage&utm_content=karatay-akcesme-ilkokulu&utm_term=karatay
Sorulariniz icin bu numaraya yazabilirsiniz.",,social_dm,,,READY
Akif Paşa İlkokulu,KARATAY,Konya,social_paid,youtube,paid_social,bursluluk_2026_school_coverage,karatay-akif-pasa-ilkokulu,https://teachera.com.tr/bursluluk-2026?utm_source=youtube&utm_medium=paid_social&utm_campaign=bursluluk_2026_school_coverage&utm_content=karatay-akif-pasa-ilkokulu&utm_term=karatay,"Merhaba Akif Paşa İlkokulu velileri, Teachera Bursluluk Sinavi 2026 basvurulari acildi. Basvuru linki: https://teachera.com.tr/bursluluk-2026?utm_source=youtube&utm_medium=paid_social&utm_campaign=bursluluk_2026_school_coverage&utm_content=karatay-akif-pasa-ilkokulu&utm_term=karatay","Merhaba Akif Paşa İlkokulu velileri. Teachera Bursluluk Sinavi 2026 basvurusu icin link: https://teachera.com.tr/bursluluk-2026?utm_source=youtube&utm_medium=paid_social&utm_campaign=bursluluk_2026_school_coverage&utm_content=karatay-akif-pasa-ilkokulu&utm_term=karatay
Sorulariniz icin bu numaraya yazabilirsiniz.",,social_dm,,,READY
Alaeddin Keykubad İmam Hatip Ortaokulu,KARATAY,Konya,outdoor_qr,konya_outdoor,qr,bursluluk_2026_school_coverage,karatay-alaeddin-keykubad-imam-hatip-ortaokulu,https://teachera.com.tr/bursluluk-2026?utm_source=konya_outdoor&utm_medium=qr&utm_campaign=bursluluk_2026_school_coverage&utm_content=karatay-alaeddin-keykubad-imam-hatip-ortaokulu&utm_term=karatay,"Merhaba Alaeddin Keykubad İmam Hatip Ortaokulu velileri, Teachera Bursluluk Sinavi 2026 basvurulari acildi. Basvuru linki: https://teachera.com.tr/bursluluk-2026?utm_source=konya_outdoor&utm_medium=qr&utm_campaign=bursluluk_2026_school_coverage&utm_content=karatay-alaeddin-keykubad-imam-hatip-ortaokulu&utm_term=karatay","Merhaba Alaeddin Keykubad İmam Hatip Ortaokulu velileri. Teachera Bursluluk Sinavi 2026 basvurusu icin link: https://teachera.com.tr/bursluluk-2026?utm_source=konya_outdoor&utm_medium=qr&utm_campaign=bursluluk_2026_school_coverage&utm_content=karatay-alaeddin-keykubad-imam-hatip-ortaokulu&utm_term=karatay
Sorulariniz icin bu numaraya yazabilirsiniz.",,qr,,,READY
Aliye-Hüseyin Tekbaş İlkokulu,KARATAY,Konya,mall_screen,konya_avm,screen,bursluluk_2026_school_coverage,karatay-aliye-huseyin-tekbas-ilkokulu,https://teachera.com.tr/bursluluk-2026?utm_source=konya_avm&utm_medium=screen&utm_campaign=bursluluk_2026_school_coverage&utm_content=karatay-aliye-huseyin-tekbas-ilkokulu&utm_term=karatay,"Merhaba Aliye-Hüseyin Tekbaş İlkokulu velileri, Teachera Bursluluk Sinavi 2026 basvurulari acildi. Basvuru linki: https://teachera.com.tr/bursluluk-2026?utm_source=konya_avm&utm_medium=screen&utm_campaign=bursluluk_2026_school_coverage&utm_content=karatay-aliye-huseyin-tekbas-ilkokulu&utm_term=karatay","Merhaba Aliye-Hüseyin Tekbaş İlkokulu velileri. Teachera Bursluluk Sinavi 2026 basvurusu icin link: https://teachera.com.tr/bursluluk-2026?utm_source=konya_avm&utm_medium=screen&utm_campaign=bursluluk_2026_school_coverage&utm_content=karatay-aliye-huseyin-tekbas-ilkokulu&utm_term=karatay
Sorulariniz icin bu numaraya yazabilirsiniz.",,avm_screen,,,READY
Aynur Kasabalı İlkokulu,KARATAY,Konya,social_paid,instagram,paid_social,bursluluk_2026_school_coverage,karatay-aynur-kasabali-ilkokulu,https://teachera.com.tr/bursluluk-2026?utm_source=instagram&utm_medium=paid_social&utm_campaign=bursluluk_2026_school_coverage&utm_content=karatay-aynur-kasabali-ilkokulu&utm_term=karatay,"Merhaba Aynur Kasabalı İlkokulu velileri, Teachera Bursluluk Sinavi 2026 basvurulari acildi. Basvuru linki: https://teachera.com.tr/bursluluk-2026?utm_source=instagram&utm_medium=paid_social&utm_campaign=bursluluk_2026_school_coverage&utm_content=karatay-aynur-kasabali-ilkokulu&utm_term=karatay","Merhaba Aynur Kasabalı İlkokulu velileri. Teachera Bursluluk Sinavi 2026 basvurusu icin link: https://teachera.com.tr/bursluluk-2026?utm_source=instagram&utm_medium=paid_social&utm_campaign=bursluluk_2026_school_coverage&utm_content=karatay-aynur-kasabali-ilkokulu&utm_term=karatay
Sorulariniz icin bu numaraya yazabilirsiniz.",,social_dm,,,READY
Ayşe Hüseyin Özkan İlkokulu,KARATAY,Konya,social_paid,facebook,paid_social,bursluluk_2026_school_coverage,karatay-ayse-huseyin-ozkan-ilkokulu,https://teachera.com.tr/bursluluk-2026?utm_source=facebook&utm_medium=paid_social&utm_campaign=bursluluk_2026_school_coverage&utm_content=karatay-ayse-huseyin-ozkan-ilkokulu&utm_term=karatay,"Merhaba Ayşe Hüseyin Özkan İlkokulu velileri, Teachera Bursluluk Sinavi 2026 basvurulari acildi. Basvuru linki: https://teachera.com.tr/bursluluk-2026?utm_source=facebook&utm_medium=paid_social&utm_campaign=bursluluk_2026_school_coverage&utm_content=karatay-ayse-huseyin-ozkan-ilkokulu&utm_term=karatay","Merhaba Ayşe Hüseyin Özkan İlkokulu velileri. Teachera Bursluluk Sinavi 2026 basvurusu icin link: https://teachera.com.tr/bursluluk-2026?utm_source=facebook&utm_medium=paid_social&utm_campaign=bursluluk_2026_school_coverage&utm_content=karatay-ayse-huseyin-ozkan-ilkokulu&utm_term=karatay
Sorulariniz icin bu numaraya yazabilirsiniz.",,social_dm,,,READY
Ayşe Hüseyin Özkan İmam Hatip Ortaokulu,KARATAY,Konya,social_paid,youtube,paid_social,bursluluk_2026_school_coverage,karatay-ayse-huseyin-ozkan-imam-hatip-ortaokulu,https://teachera.com.tr/bursluluk-2026?utm_source=youtube&utm_medium=paid_social&utm_campaign=bursluluk_2026_school_coverage&utm_content=karatay-ayse-huseyin-ozkan-imam-hatip-ortaokulu&utm_term=karatay,"Merhaba Ayşe Hüseyin Özkan İmam Hatip Ortaokulu velileri, Teachera Bursluluk Sinavi 2026 basvurulari acildi. Basvuru linki: https://teachera.com.tr/bursluluk-2026?utm_source=youtube&utm_medium=paid_social&utm_campaign=bursluluk_2026_school_coverage&utm_content=karatay-ayse-huseyin-ozkan-imam-hatip-ortaokulu&utm_term=karatay","Merhaba Ayşe Hüseyin Özkan İmam Hatip Ortaokulu velileri. Teachera Bursluluk Sinavi 2026 basvurusu icin link: https://teachera.com.tr/bursluluk-2026?utm_source=youtube&utm_medium=paid_social&utm_campaign=bursluluk_2026_school_coverage&utm_content=karatay-ayse-huseyin-ozkan-imam-hatip-ortaokulu&utm_term=karatay
Sorulariniz icin bu numaraya yazabilirsiniz.",,social_dm,,,READY
Ayşe-Hüseyin Özkan Ortaokulu,KARATAY,Konya,outdoor_qr,konya_outdoor,qr,bursluluk_2026_school_coverage,karatay-ayse-huseyin-ozkan-ortaokulu,https://teachera.com.tr/bursluluk-2026?utm_source=konya_outdoor&utm_medium=qr&utm_campaign=bursluluk_2026_school_coverage&utm_content=karatay-ayse-huseyin-ozkan-ortaokulu&utm_term=karatay,"Merhaba Ayşe-Hüseyin Özkan Ortaokulu velileri, Teachera Bursluluk Sinavi 2026 basvurulari acildi. Basvuru linki: https://teachera.com.tr/bursluluk-2026?utm_source=konya_outdoor&utm_medium=qr&utm_campaign=bursluluk_2026_school_coverage&utm_content=karatay-ayse-huseyin-ozkan-ortaokulu&utm_term=karatay","Merhaba Ayşe-Hüseyin Özkan Ortaokulu velileri. Teachera Bursluluk Sinavi 2026 basvurusu icin link: https://teachera.com.tr/bursluluk-2026?utm_source=konya_outdoor&utm_medium=qr&utm_campaign=bursluluk_2026_school_coverage&utm_content=karatay-ayse-huseyin-ozkan-ortaokulu&utm_term=karatay
Sorulariniz icin bu numaraya yazabilirsiniz.",,qr,,,READY
Birol Polat İlkokulu,KARATAY,Konya,mall_screen,konya_avm,screen,bursluluk_2026_school_coverage,karatay-birol-polat-ilkokulu,https://teachera.com.tr/bursluluk-2026?utm_source=konya_avm&utm_medium=screen&utm_campaign=bursluluk_2026_school_coverage&utm_content=karatay-birol-polat-ilkokulu&utm_term=karatay,"Merhaba Birol Polat İlkokulu velileri, Teachera Bursluluk Sinavi 2026 basvurulari acildi. Basvuru linki: https://teachera.com.tr/bursluluk-2026?utm_source=konya_avm&utm_medium=screen&utm_campaign=bursluluk_2026_school_coverage&utm_content=karatay-birol-polat-ilkokulu&utm_term=karatay","Merhaba Birol Polat İlkokulu velileri. Teachera Bursluluk Sinavi 2026 basvurusu icin link: https://teachera.com.tr/bursluluk-2026?utm_source=konya_avm&utm_medium=screen&utm_campaign=bursluluk_2026_school_coverage&utm_content=karatay-birol-polat-ilkokulu&utm_term=karatay
Sorulariniz icin bu numaraya yazabilirsiniz.",,avm_screen,,,READY
Bozkırlılar Vakfı İmam Hatip Ortaokulu,KARATAY,Konya,social_paid,instagram,paid_social,bursluluk_2026_school_coverage,karatay-bozkirlilar-vakfi-imam-hatip-ortaokulu,https://teachera.com.tr/bursluluk-2026?utm_source=instagram&utm_medium=paid_social&utm_campaign=bursluluk_2026_school_coverage&utm_content=karatay-bozkirlilar-vakfi-imam-hatip-ortaokulu&utm_term=karatay,"Merhaba Bozkırlılar Vakfı İmam Hatip Ortaokulu velileri, Teachera Bursluluk Sinavi 2026 basvurulari acildi. Basvuru linki: https://teachera.com.tr/bursluluk-2026?utm_source=instagram&utm_medium=paid_social&utm_campaign=bursluluk_2026_school_coverage&utm_content=karatay-bozkirlilar-vakfi-imam-hatip-ortaokulu&utm_term=karatay","Merhaba Bozkırlılar Vakfı İmam Hatip Ortaokulu velileri. Teachera Bursluluk Sinavi 2026 basvurusu icin link: https://teachera.com.tr/bursluluk-2026?utm_source=instagram&utm_medium=paid_social&utm_campaign=bursluluk_2026_school_coverage&utm_content=karatay-bozkirlilar-vakfi-imam-hatip-ortaokulu&utm_term=karatay
Sorulariniz icin bu numaraya yazabilirsiniz.",,social_dm,,,READY
Bozkırlılar Vakfı Kız Anadolu İmam Hatip Lisesi,KARATAY,Konya,social_paid,facebook,paid_social,bursluluk_2026_school_coverage,karatay-bozkirlilar-vakfi-kiz-anadolu-imam-hatip-lisesi,https://teachera.com.tr/bursluluk-2026?utm_source=facebook&utm_medium=paid_social&utm_campaign=bursluluk_2026_school_coverage&utm_content=karatay-bozkirlilar-vakfi-kiz-anadolu-imam-hatip-lisesi&utm_term=karatay,"Merhaba Bozkırlılar Vakfı Kız Anadolu İmam Hatip Lisesi velileri, Teachera Bursluluk Sinavi 2026 basvurulari acildi. Basvuru linki: https://teachera.com.tr/bursluluk-2026?utm_source=facebook&utm_medium=paid_social&utm_campaign=bursluluk_2026_school_coverage&utm_content=karatay-bozkirlilar-vakfi-kiz-anadolu-imam-hatip-lisesi&utm_term=karatay","Merhaba Bozkırlılar Vakfı Kız Anadolu İmam Hatip Lisesi velileri. Teachera Bursluluk Sinavi 2026 basvurusu icin link: https://teachera.com.tr/bursluluk-2026?utm_source=facebook&utm_medium=paid_social&utm_campaign=bursluluk_2026_school_coverage&utm_content=karatay-bozkirlilar-vakfi-kiz-anadolu-imam-hatip-lisesi&utm_term=karatay
Sorulariniz icin bu numaraya yazabilirsiniz.",,social_dm,,,READY
Büyük Sinan Mehmet Fatma Dalan İlkokulu,KARATAY,Konya,social_paid,youtube,paid_social,bursluluk_2026_school_coverage,karatay-buyuk-sinan-mehmet-fatma-dalan-ilkokulu,https://teachera.com.tr/bursluluk-2026?utm_source=youtube&utm_medium=paid_social&utm_campaign=bursluluk_2026_school_coverage&utm_content=karatay-buyuk-sinan-mehmet-fatma-dalan-ilkokulu&utm_term=karatay,"Merhaba Büyük Sinan Mehmet Fatma Dalan İlkokulu velileri, Teachera Bursluluk Sinavi 2026 basvurulari acildi. Basvuru linki: https://teachera.com.tr/bursluluk-2026?utm_source=youtube&utm_medium=paid_social&utm_campaign=bursluluk_2026_school_coverage&utm_content=karatay-buyuk-sinan-mehmet-fatma-dalan-ilkokulu&utm_term=karatay","Merhaba Büyük Sinan Mehmet Fatma Dalan İlkokulu velileri. Teachera Bursluluk Sinavi 2026 basvurusu icin link: https://teachera.com.tr/bursluluk-2026?utm_source=youtube&utm_medium=paid_social&utm_campaign=bursluluk_2026_school_coverage&utm_content=karatay-buyuk-sinan-mehmet-fatma-dalan-ilkokulu&utm_term=karatay
Sorulariniz icin bu numaraya yazabilirsiniz.",,social_dm,,,READY
Çatalhüyük Anadolu Lisesi,KARATAY,Konya,outdoor_qr,konya_outdoor,qr,bursluluk_2026_school_coverage,karatay-catalhuyuk-anadolu-lisesi,https://teachera.com.tr/bursluluk-2026?utm_source=konya_outdoor&utm_medium=qr&utm_campaign=bursluluk_2026_school_coverage&utm_content=karatay-catalhuyuk-anadolu-lisesi&utm_term=karatay,"Merhaba Çatalhüyük Anadolu Lisesi velileri, Teachera Bursluluk Sinavi 2026 basvurulari acildi. Basvuru linki: https://teachera.com.tr/bursluluk-2026?utm_source=konya_outdoor&utm_medium=qr&utm_campaign=bursluluk_2026_school_coverage&utm_content=karatay-catalhuyuk-anadolu-lisesi&utm_term=karatay","Merhaba Çatalhüyük Anadolu Lisesi velileri. Teachera Bursluluk Sinavi 2026 basvurusu icin link: https://teachera.com.tr/bursluluk-2026?utm_source=konya_outdoor&utm_medium=qr&utm_campaign=bursluluk_2026_school_coverage&utm_content=karatay-catalhuyuk-anadolu-lisesi&utm_term=karatay
Sorulariniz icin bu numaraya yazabilirsiniz.",,qr,,,READY
Çatalhüyük Melikşah İlkokulu,KARATAY,Konya,mall_screen,konya_avm,screen,bursluluk_2026_school_coverage,karatay-catalhuyuk-meliksah-ilkokulu,https://teachera.com.tr/bursluluk-2026?utm_source=konya_avm&utm_medium=screen&utm_campaign=bursluluk_2026_school_coverage&utm_content=karatay-catalhuyuk-meliksah-ilkokulu&utm_term=karatay,"Merhaba Çatalhüyük Melikşah İlkokulu velileri, Teachera Bursluluk Sinavi 2026 basvurulari acildi. Basvuru linki: https://teachera.com.tr/bursluluk-2026?utm_source=konya_avm&utm_medium=screen&utm_campaign=bursluluk_2026_school_coverage&utm_content=karatay-catalhuyuk-meliksah-ilkokulu&utm_term=karatay","Merhaba Çatalhüyük Melikşah İlkokulu velileri. Teachera Bursluluk Sinavi 2026 basvurusu icin link: https://teachera.com.tr/bursluluk-2026?utm_source=konya_avm&utm_medium=screen&utm_campaign=bursluluk_2026_school_coverage&utm_content=karatay-catalhuyuk-meliksah-ilkokulu&utm_term=karatay
Sorulariniz icin bu numaraya yazabilirsiniz.",,avm_screen,,,READY
Çatalhüyük Münise Lütfi Onat İlkokulu,KARATAY,Konya,social_paid,instagram,paid_social,bursluluk_2026_school_coverage,karatay-catalhuyuk-munise-lutfi-onat-ilkokulu,https://teachera.com.tr/bursluluk-2026?utm_source=instagram&utm_medium=paid_social&utm_campaign=bursluluk_2026_school_coverage&utm_content=karatay-catalhuyuk-munise-lutfi-onat-ilkokulu&utm_term=karatay,"Merhaba Çatalhüyük Münise Lütfi Onat İlkokulu velileri, Teachera Bursluluk Sinavi 2026 basvurulari acildi. Basvuru linki: https://teachera.com.tr/bursluluk-2026?utm_source=instagram&utm_medium=paid_social&utm_campaign=bursluluk_2026_school_coverage&utm_content=karatay-catalhuyuk-munise-lutfi-onat-ilkokulu&utm_term=karatay","Merhaba Çatalhüyük Münise Lütfi Onat İlkokulu velileri. Teachera Bursluluk Sinavi 2026 basvurusu icin link: https://teachera.com.tr/bursluluk-2026?utm_source=instagram&utm_medium=paid_social&utm_campaign=bursluluk_2026_school_coverage&utm_content=karatay-catalhuyuk-munise-lutfi-onat-ilkokulu&utm_term=karatay
Sorulariniz icin bu numaraya yazabilirsiniz.",,social_dm,,,READY
Celaleddin Karatay Tarım Mesleki ve Teknik Anadolu Lisesi,KARATAY,Konya,social_paid,facebook,paid_social,bursluluk_2026_school_coverage,karatay-celaleddin-karatay-tarim-mesleki-ve-teknik-anadolu-lisesi,https://teachera.com.tr/bursluluk-2026?utm_source=facebook&utm_medium=paid_social&utm_campaign=bursluluk_2026_school_coverage&utm_content=karatay-celaleddin-karatay-tarim-mesleki-ve-teknik-anadolu-lisesi&utm_term=karatay,"Merhaba Celaleddin Karatay Tarım Mesleki ve Teknik Anadolu Lisesi velileri, Teachera Bursluluk Sinavi 2026 basvurulari acildi. Basvuru linki: https://teachera.com.tr/bursluluk-2026?utm_source=facebook&utm_medium=paid_social&utm_campaign=bursluluk_2026_school_coverage&utm_content=karatay-celaleddin-karatay-tarim-mesleki-ve-teknik-anadolu-lisesi&utm_term=karatay","Merhaba Celaleddin Karatay Tarım Mesleki ve Teknik Anadolu Lisesi velileri. Teachera Bursluluk Sinavi 2026 basvurusu icin link: https://teachera.com.tr/bursluluk-2026?utm_source=facebook&utm_medium=paid_social&utm_campaign=bursluluk_2026_school_coverage&utm_content=karatay-celaleddin-karatay-tarim-mesleki-ve-teknik-anadolu-lisesi&utm_term=karatay
Sorulariniz icin bu numaraya yazabilirsiniz.",,social_dm,,,READY
Cemil Keleşoğlu Anadolu Lisesi,KARATAY,Konya,social_paid,youtube,paid_social,bursluluk_2026_school_coverage,karatay-cemil-kelesoglu-anadolu-lisesi,https://teachera.com.tr/bursluluk-2026?utm_source=youtube&utm_medium=paid_social&utm_campaign=bursluluk_2026_school_coverage&utm_content=karatay-cemil-kelesoglu-anadolu-lisesi&utm_term=karatay,"Merhaba Cemil Keleşoğlu Anadolu Lisesi velileri, Teachera Bursluluk Sinavi 2026 basvurulari acildi. Basvuru linki: https://teachera.com.tr/bursluluk-2026?utm_source=youtube&utm_medium=paid_social&utm_campaign=bursluluk_2026_school_coverage&utm_content=karatay-cemil-kelesoglu-anadolu-lisesi&utm_term=karatay","Merhaba Cemil Keleşoğlu Anadolu Lisesi velileri. Teachera Bursluluk Sinavi 2026 basvurusu icin link: https://teachera.com.tr/bursluluk-2026?utm_source=youtube&utm_medium=paid_social&utm_campaign=bursluluk_2026_school_coverage&utm_content=karatay-cemil-kelesoglu-anadolu-lisesi&utm_term=karatay
Sorulariniz icin bu numaraya yazabilirsiniz.",,social_dm,,,READY
Cengiz Topel İlkokulu,KARATAY,Konya,outdoor_qr,konya_outdoor,qr,bursluluk_2026_school_coverage,karatay-cengiz-topel-ilkokulu,https://teachera.com.tr/bursluluk-2026?utm_source=konya_outdoor&utm_medium=qr&utm_campaign=bursluluk_2026_school_coverage&utm_content=karatay-cengiz-topel-ilkokulu&utm_term=karatay,"Merhaba Cengiz Topel İlkokulu velileri, Teachera Bursluluk Sinavi 2026 basvurulari acildi. Basvuru linki: https://teachera.com.tr/bursluluk-2026?utm_source=konya_outdoor&utm_medium=qr&utm_campaign=bursluluk_2026_school_coverage&utm_content=karatay-cengiz-topel-ilkokulu&utm_term=karatay","Merhaba Cengiz Topel İlkokulu velileri. Teachera Bursluluk Sinavi 2026 basvurusu icin link: https://teachera.com.tr/bursluluk-2026?utm_source=konya_outdoor&utm_medium=qr&utm_campaign=bursluluk_2026_school_coverage&utm_content=karatay-cengiz-topel-ilkokulu&utm_term=karatay
Sorulariniz icin bu numaraya yazabilirsiniz.",,qr,,,READY
Çumralıoğlu Vakfı Anadolu İmam Hatip Lisesi,KARATAY,Konya,mall_screen,konya_avm,screen,bursluluk_2026_school_coverage,karatay-cumralioglu-vakfi-anadolu-imam-hatip-lisesi,https://teachera.com.tr/bursluluk-2026?utm_source=konya_avm&utm_medium=screen&utm_campaign=bursluluk_2026_school_coverage&utm_content=karatay-cumralioglu-vakfi-anadolu-imam-hatip-lisesi&utm_term=karatay,"Merhaba Çumralıoğlu Vakfı Anadolu İmam Hatip Lisesi velileri, Teachera Bursluluk Sinavi 2026 basvurulari acildi. Basvuru linki: https://teachera.com.tr/bursluluk-2026?utm_source=konya_avm&utm_medium=screen&utm_campaign=bursluluk_2026_school_coverage&utm_content=karatay-cumralioglu-vakfi-anadolu-imam-hatip-lisesi&utm_term=karatay","Merhaba Çumralıoğlu Vakfı Anadolu İmam Hatip Lisesi velileri. Teachera Bursluluk Sinavi 2026 basvurusu icin link: https://teachera.com.tr/bursluluk-2026?utm_source=konya_avm&utm_medium=screen&utm_campaign=bursluluk_2026_school_coverage&utm_content=karatay-cumralioglu-vakfi-anadolu-imam-hatip-lisesi&utm_term=karatay
Sorulariniz icin bu numaraya yazabilirsiniz.",,avm_screen,,,READY
Doktor Sedat Yüksel İlkokulu,KARATAY,Konya,social_paid,instagram,paid_social,bursluluk_2026_school_coverage,karatay-doktor-sedat-yuksel-ilkokulu,https://teachera.com.tr/bursluluk-2026?utm_source=instagram&utm_medium=paid_social&utm_campaign=bursluluk_2026_school_coverage&utm_content=karatay-doktor-sedat-yuksel-ilkokulu&utm_term=karatay,"Merhaba Doktor Sedat Yüksel İlkokulu velileri, Teachera Bursluluk Sinavi 2026 basvurulari acildi. Basvuru linki: https://teachera.com.tr/bursluluk-2026?utm_source=instagram&utm_medium=paid_social&utm_campaign=bursluluk_2026_school_coverage&utm_content=karatay-doktor-sedat-yuksel-ilkokulu&utm_term=karatay","Merhaba Doktor Sedat Yüksel İlkokulu velileri. Teachera Bursluluk Sinavi 2026 basvurusu icin link: https://teachera.com.tr/bursluluk-2026?utm_source=instagram&utm_medium=paid_social&utm_campaign=bursluluk_2026_school_coverage&utm_content=karatay-doktor-sedat-yuksel-ilkokulu&utm_term=karatay
Sorulariniz icin bu numaraya yazabilirsiniz.",,social_dm,,,READY
Dr.Ali Rıza Bahadır Kız Anadolu İmam Hatip Lisesi,KARATAY,Konya,social_paid,facebook,paid_social,bursluluk_2026_school_coverage,karatay-dr-ali-riza-bahadir-kiz-anadolu-imam-hatip-lisesi,https://teachera.com.tr/bursluluk-2026?utm_source=facebook&utm_medium=paid_social&utm_campaign=bursluluk_2026_school_coverage&utm_content=karatay-dr-ali-riza-bahadir-kiz-anadolu-imam-hatip-lisesi&utm_term=karatay,"Merhaba Dr.Ali Rıza Bahadır Kız Anadolu İmam Hatip Lisesi velileri, Teachera Bursluluk Sinavi 2026 basvurulari acildi. Basvuru linki: https://teachera.com.tr/bursluluk-2026?utm_source=facebook&utm_medium=paid_social&utm_campaign=bursluluk_2026_school_coverage&utm_content=karatay-dr-ali-riza-bahadir-kiz-anadolu-imam-hatip-lisesi&utm_term=karatay","Merhaba Dr.Ali Rıza Bahadır Kız Anadolu İmam Hatip Lisesi velileri. Teachera Bursluluk Sinavi 2026 basvurusu icin link: https://teachera.com.tr/bursluluk-2026?utm_source=facebook&utm_medium=paid_social&utm_campaign=bursluluk_2026_school_coverage&utm_content=karatay-dr-ali-riza-bahadir-kiz-anadolu-imam-hatip-lisesi&utm_term=karatay
Sorulariniz icin bu numaraya yazabilirsiniz.",,social_dm,,,READY
Fetihkent İmam Hatip Ortaokulu,KARATAY,Konya,social_paid,youtube,paid_social,bursluluk_2026_school_coverage,karatay-fetihkent-imam-hatip-ortaokulu,https://teachera.com.tr/bursluluk-2026?utm_source=youtube&utm_medium=paid_social&utm_campaign=bursluluk_2026_school_coverage&utm_content=karatay-fetihkent-imam-hatip-ortaokulu&utm_term=karatay,"Merhaba Fetihkent İmam Hatip Ortaokulu velileri, Teachera Bursluluk Sinavi 2026 basvurulari acildi. Basvuru linki: https://teachera.com.tr/bursluluk-2026?utm_source=youtube&utm_medium=paid_social&utm_campaign=bursluluk_2026_school_coverage&utm_content=karatay-fetihkent-imam-hatip-ortaokulu&utm_term=karatay","Merhaba Fetihkent İmam Hatip Ortaokulu velileri. Teachera Bursluluk Sinavi 2026 basvurusu icin link: https://teachera.com.tr/bursluluk-2026?utm_source=youtube&utm_medium=paid_social&utm_campaign=bursluluk_2026_school_coverage&utm_content=karatay-fetihkent-imam-hatip-ortaokulu&utm_term=karatay
Sorulariniz icin bu numaraya yazabilirsiniz.",,social_dm,,,READY
Gevher Nesibe Hatun İmam Hatip Ortaokulu,KARATAY,Konya,outdoor_qr,konya_outdoor,qr,bursluluk_2026_school_coverage,karatay-gevher-nesibe-hatun-imam-hatip-ortaokulu,https://teachera.com.tr/bursluluk-2026?utm_source=konya_outdoor&utm_medium=qr&utm_campaign=bursluluk_2026_school_coverage&utm_content=karatay-gevher-nesibe-hatun-imam-hatip-ortaokulu&utm_term=karatay,"Merhaba Gevher Nesibe Hatun İmam Hatip Ortaokulu velileri, Teachera Bursluluk Sinavi 2026 basvurulari acildi. Basvuru linki: https://teachera.com.tr/bursluluk-2026?utm_source=konya_outdoor&utm_medium=qr&utm_campaign=bursluluk_2026_school_coverage&utm_content=karatay-gevher-nesibe-hatun-imam-hatip-ortaokulu&utm_term=karatay","Merhaba Gevher Nesibe Hatun İmam Hatip Ortaokulu velileri. Teachera Bursluluk Sinavi 2026 basvurusu icin link: https://teachera.com.tr/bursluluk-2026?utm_source=konya_outdoor&utm_medium=qr&utm_campaign=bursluluk_2026_school_coverage&utm_content=karatay-gevher-nesibe-hatun-imam-hatip-ortaokulu&utm_term=karatay
Sorulariniz icin bu numaraya yazabilirsiniz.",,qr,,,READY
GÖÇÜ İLKOKULU,KARATAY,Konya,mall_screen,konya_avm,screen,bursluluk_2026_school_coverage,karatay-gocu-ilkokulu,https://teachera.com.tr/bursluluk-2026?utm_source=konya_avm&utm_medium=screen&utm_campaign=bursluluk_2026_school_coverage&utm_content=karatay-gocu-ilkokulu&utm_term=karatay,"Merhaba GÖÇÜ İLKOKULU velileri, Teachera Bursluluk Sinavi 2026 basvurulari acildi. Basvuru linki: https://teachera.com.tr/bursluluk-2026?utm_source=konya_avm&utm_medium=screen&utm_campaign=bursluluk_2026_school_coverage&utm_content=karatay-gocu-ilkokulu&utm_term=karatay","Merhaba GÖÇÜ İLKOKULU velileri. Teachera Bursluluk Sinavi 2026 basvurusu icin link: https://teachera.com.tr/bursluluk-2026?utm_source=konya_avm&utm_medium=screen&utm_campaign=bursluluk_2026_school_coverage&utm_content=karatay-gocu-ilkokulu&utm_term=karatay
Sorulariniz icin bu numaraya yazabilirsiniz.",,avm_screen,,,READY
Göçü Ortaokulu,KARATAY,Konya,social_paid,instagram,paid_social,bursluluk_2026_school_coverage,karatay-gocu-ortaokulu,https://teachera.com.tr/bursluluk-2026?utm_source=instagram&utm_medium=paid_social&utm_campaign=bursluluk_2026_school_coverage&utm_content=karatay-gocu-ortaokulu&utm_term=karatay,"Merhaba Göçü Ortaokulu velileri, Teachera Bursluluk Sinavi 2026 basvurulari acildi. Basvuru linki: https://teachera.com.tr/bursluluk-2026?utm_source=instagram&utm_medium=paid_social&utm_campaign=bursluluk_2026_school_coverage&utm_content=karatay-gocu-ortaokulu&utm_term=karatay","Merhaba Göçü Ortaokulu velileri. Teachera Bursluluk Sinavi 2026 basvurusu icin link: https://teachera.com.tr/bursluluk-2026?utm_source=instagram&utm_medium=paid_social&utm_campaign=bursluluk_2026_school_coverage&utm_content=karatay-gocu-ortaokulu&utm_term=karatay
Sorulariniz icin bu numaraya yazabilirsiniz.",,social_dm,,,READY
Hacı Sadık İlkokulu,KARATAY,Konya,social_paid,facebook,paid_social,bursluluk_2026_school_coverage,karatay-haci-sadik-ilkokulu,https://teachera.com.tr/bursluluk-2026?utm_source=facebook&utm_medium=paid_social&utm_campaign=bursluluk_2026_school_coverage&utm_content=karatay-haci-sadik-ilkokulu&utm_term=karatay,"Merhaba Hacı Sadık İlkokulu velileri, Teachera Bursluluk Sinavi 2026 basvurulari acildi. Basvuru linki: https://teachera.com.tr/bursluluk-2026?utm_source=facebook&utm_medium=paid_social&utm_campaign=bursluluk_2026_school_coverage&utm_content=karatay-haci-sadik-ilkokulu&utm_term=karatay","Merhaba Hacı Sadık İlkokulu velileri. Teachera Bursluluk Sinavi 2026 basvurusu icin link: https://teachera.com.tr/bursluluk-2026?utm_source=facebook&utm_medium=paid_social&utm_campaign=bursluluk_2026_school_coverage&utm_content=karatay-haci-sadik-ilkokulu&utm_term=karatay
Sorulariniz icin bu numaraya yazabilirsiniz.",,social_dm,,,READY
Hacı Yusuf Mescit Ahmet Haşhaş İlkokulu,KARATAY,Konya,social_paid,youtube,paid_social,bursluluk_2026_school_coverage,karatay-haci-yusuf-mescit-ahmet-hashas-ilkokulu,https://teachera.com.tr/bursluluk-2026?utm_source=youtube&utm_medium=paid_social&utm_campaign=bursluluk_2026_school_coverage&utm_content=karatay-haci-yusuf-mescit-ahmet-hashas-ilkokulu&utm_term=karatay,"Merhaba Hacı Yusuf Mescit Ahmet Haşhaş İlkokulu velileri, Teachera Bursluluk Sinavi 2026 basvurulari acildi. Basvuru linki: https://teachera.com.tr/bursluluk-2026?utm_source=youtube&utm_medium=paid_social&utm_campaign=bursluluk_2026_school_coverage&utm_content=karatay-haci-yusuf-mescit-ahmet-hashas-ilkokulu&utm_term=karatay","Merhaba Hacı Yusuf Mescit Ahmet Haşhaş İlkokulu velileri. Teachera Bursluluk Sinavi 2026 basvurusu icin link: https://teachera.com.tr/bursluluk-2026?utm_source=youtube&utm_medium=paid_social&utm_campaign=bursluluk_2026_school_coverage&utm_content=karatay-haci-yusuf-mescit-ahmet-hashas-ilkokulu&utm_term=karatay
Sorulariniz icin bu numaraya yazabilirsiniz.",,social_dm,,,READY
Hacıveyiszade Anadolu İmam Hatip Lisesi,KARATAY,Konya,outdoor_qr,konya_outdoor,qr,bursluluk_2026_school_coverage,karatay-haciveyiszade-anadolu-imam-hatip-lisesi,https://teachera.com.tr/bursluluk-2026?utm_source=konya_outdoor&utm_medium=qr&utm_campaign=bursluluk_2026_school_coverage&utm_content=karatay-haciveyiszade-anadolu-imam-hatip-lisesi&utm_term=karatay,"Merhaba Hacıveyiszade Anadolu İmam Hatip Lisesi velileri, Teachera Bursluluk Sinavi 2026 basvurulari acildi. Basvuru linki: https://teachera.com.tr/bursluluk-2026?utm_source=konya_outdoor&utm_medium=qr&utm_campaign=bursluluk_2026_school_coverage&utm_content=karatay-haciveyiszade-anadolu-imam-hatip-lisesi&utm_term=karatay","Merhaba Hacıveyiszade Anadolu İmam Hatip Lisesi velileri. Teachera Bursluluk Sinavi 2026 basvurusu icin link: https://teachera.com.tr/bursluluk-2026?utm_source=konya_outdoor&utm_medium=qr&utm_campaign=bursluluk_2026_school_coverage&utm_content=karatay-haciveyiszade-anadolu-imam-hatip-lisesi&utm_term=karatay
Sorulariniz icin bu numaraya yazabilirsiniz.",,qr,,,READY
Hacıveyiszade Mahallesi Ahmet Haşhaş İlkokulu,KARATAY,Konya,mall_screen,konya_avm,screen,bursluluk_2026_school_coverage,karatay-haciveyiszade-mahallesi-ahmet-hashas-ilkokulu,https://teachera.com.tr/bursluluk-2026?utm_source=konya_avm&utm_medium=screen&utm_campaign=bursluluk_2026_school_coverage&utm_content=karatay-haciveyiszade-mahallesi-ahmet-hashas-ilkokulu&utm_term=karatay,"Merhaba Hacıveyiszade Mahallesi Ahmet Haşhaş İlkokulu velileri, Teachera Bursluluk Sinavi 2026 basvurulari acildi. Basvuru linki: https://teachera.com.tr/bursluluk-2026?utm_source=konya_avm&utm_medium=screen&utm_campaign=bursluluk_2026_school_coverage&utm_content=karatay-haciveyiszade-mahallesi-ahmet-hashas-ilkokulu&utm_term=karatay","Merhaba Hacıveyiszade Mahallesi Ahmet Haşhaş İlkokulu velileri. Teachera Bursluluk Sinavi 2026 basvurusu icin link: https://teachera.com.tr/bursluluk-2026?utm_source=konya_avm&utm_medium=screen&utm_campaign=bursluluk_2026_school_coverage&utm_content=karatay-haciveyiszade-mahallesi-ahmet-hashas-ilkokulu&utm_term=karatay
Sorulariniz icin bu numaraya yazabilirsiniz.",,avm_screen,,,READY
Halil Bahçeci İlkokulu,KARATAY,Konya,social_paid,instagram,paid_social,bursluluk_2026_school_coverage,karatay-halil-bahceci-ilkokulu,https://teachera.com.tr/bursluluk-2026?utm_source=instagram&utm_medium=paid_social&utm_campaign=bursluluk_2026_school_coverage&utm_content=karatay-halil-bahceci-ilkokulu&utm_term=karatay,"Merhaba Halil Bahçeci İlkokulu velileri, Teachera Bursluluk Sinavi 2026 basvurulari acildi. Basvuru linki: https://teachera.com.tr/bursluluk-2026?utm_source=instagram&utm_medium=paid_social&utm_campaign=bursluluk_2026_school_coverage&utm_content=karatay-halil-bahceci-ilkokulu&utm_term=karatay","Merhaba Halil Bahçeci İlkokulu velileri. Teachera Bursluluk Sinavi 2026 basvurusu icin link: https://teachera.com.tr/bursluluk-2026?utm_source=instagram&utm_medium=paid_social&utm_campaign=bursluluk_2026_school_coverage&utm_content=karatay-halil-bahceci-ilkokulu&utm_term=karatay
Sorulariniz icin bu numaraya yazabilirsiniz.",,social_dm,,,READY
Hamzaoğlu İmam Hatip Ortaokulu,KARATAY,Konya,social_paid,facebook,paid_social,bursluluk_2026_school_coverage,karatay-hamzaoglu-imam-hatip-ortaokulu,https://teachera.com.tr/bursluluk-2026?utm_source=facebook&utm_medium=paid_social&utm_campaign=bursluluk_2026_school_coverage&utm_content=karatay-hamzaoglu-imam-hatip-ortaokulu&utm_term=karatay,"Merhaba Hamzaoğlu İmam Hatip Ortaokulu velileri, Teachera Bursluluk Sinavi 2026 basvurulari acildi. Basvuru linki: https://teachera.com.tr/bursluluk-2026?utm_source=facebook&utm_medium=paid_social&utm_campaign=bursluluk_2026_school_coverage&utm_content=karatay-hamzaoglu-imam-hatip-ortaokulu&utm_term=karatay","Merhaba Hamzaoğlu İmam Hatip Ortaokulu velileri. Teachera Bursluluk Sinavi 2026 basvurusu icin link: https://teachera.com.tr/bursluluk-2026?utm_source=facebook&utm_medium=paid_social&utm_campaign=bursluluk_2026_school_coverage&utm_content=karatay-hamzaoglu-imam-hatip-ortaokulu&utm_term=karatay
Sorulariniz icin bu numaraya yazabilirsiniz.",,social_dm,,,READY
Hasan Ali Yücel İlkokulu,KARATAY,Konya,social_paid,youtube,paid_social,bursluluk_2026_school_coverage,karatay-hasan-ali-yucel-ilkokulu,https://teachera.com.tr/bursluluk-2026?utm_source=youtube&utm_medium=paid_social&utm_campaign=bursluluk_2026_school_coverage&utm_content=karatay-hasan-ali-yucel-ilkokulu&utm_term=karatay,"Merhaba Hasan Ali Yücel İlkokulu velileri, Teachera Bursluluk Sinavi 2026 basvurulari acildi. Basvuru linki: https://teachera.com.tr/bursluluk-2026?utm_source=youtube&utm_medium=paid_social&utm_campaign=bursluluk_2026_school_coverage&utm_content=karatay-hasan-ali-yucel-ilkokulu&utm_term=karatay","Merhaba Hasan Ali Yücel İlkokulu velileri. Teachera Bursluluk Sinavi 2026 basvurusu icin link: https://teachera.com.tr/bursluluk-2026?utm_source=youtube&utm_medium=paid_social&utm_campaign=bursluluk_2026_school_coverage&utm_content=karatay-hasan-ali-yucel-ilkokulu&utm_term=karatay
Sorulariniz icin bu numaraya yazabilirsiniz.",,social_dm,,,READY
Hayıroğlu İlkokulu,KARATAY,Konya,outdoor_qr,konya_outdoor,qr,bursluluk_2026_school_coverage,karatay-hayiroglu-ilkokulu,https://teachera.com.tr/bursluluk-2026?utm_source=konya_outdoor&utm_medium=qr&utm_campaign=bursluluk_2026_school_coverage&utm_content=karatay-hayiroglu-ilkokulu&utm_term=karatay,"Merhaba Hayıroğlu İlkokulu velileri, Teachera Bursluluk Sinavi 2026 basvurulari acildi. Basvuru linki: https://teachera.com.tr/bursluluk-2026?utm_source=konya_outdoor&utm_medium=qr&utm_campaign=bursluluk_2026_school_coverage&utm_content=karatay-hayiroglu-ilkokulu&utm_term=karatay","Merhaba Hayıroğlu İlkokulu velileri. Teachera Bursluluk Sinavi 2026 basvurusu icin link: https://teachera.com.tr/bursluluk-2026?utm_source=konya_outdoor&utm_medium=qr&utm_campaign=bursluluk_2026_school_coverage&utm_content=karatay-hayiroglu-ilkokulu&utm_term=karatay
Sorulariniz icin bu numaraya yazabilirsiniz.",,qr,,,READY
Hayıroğlu İmam Hatip Ortaokulu,KARATAY,Konya,mall_screen,konya_avm,screen,bursluluk_2026_school_coverage,karatay-hayiroglu-imam-hatip-ortaokulu,https://teachera.com.tr/bursluluk-2026?utm_source=konya_avm&utm_medium=screen&utm_campaign=bursluluk_2026_school_coverage&utm_content=karatay-hayiroglu-imam-hatip-ortaokulu&utm_term=karatay,"Merhaba Hayıroğlu İmam Hatip Ortaokulu velileri, Teachera Bursluluk Sinavi 2026 basvurulari acildi. Basvuru linki: https://teachera.com.tr/bursluluk-2026?utm_source=konya_avm&utm_medium=screen&utm_campaign=bursluluk_2026_school_coverage&utm_content=karatay-hayiroglu-imam-hatip-ortaokulu&utm_term=karatay","Merhaba Hayıroğlu İmam Hatip Ortaokulu velileri. Teachera Bursluluk Sinavi 2026 basvurusu icin link: https://teachera.com.tr/bursluluk-2026?utm_source=konya_avm&utm_medium=screen&utm_campaign=bursluluk_2026_school_coverage&utm_content=karatay-hayiroglu-imam-hatip-ortaokulu&utm_term=karatay
Sorulariniz icin bu numaraya yazabilirsiniz.",,avm_screen,,,READY
Hediye-Mehmet Ali Uzman İlkokulu,KARATAY,Konya,social_paid,instagram,paid_social,bursluluk_2026_school_coverage,karatay-hediye-mehmet-ali-uzman-ilkokulu,https://teachera.com.tr/bursluluk-2026?utm_source=instagram&utm_medium=paid_social&utm_campaign=bursluluk_2026_school_coverage&utm_content=karatay-hediye-mehmet-ali-uzman-ilkokulu&utm_term=karatay,"Merhaba Hediye-Mehmet Ali Uzman İlkokulu velileri, Teachera Bursluluk Sinavi 2026 basvurulari acildi. Basvuru linki: https://teachera.com.tr/bursluluk-2026?utm_source=instagram&utm_medium=paid_social&utm_campaign=bursluluk_2026_school_coverage&utm_content=karatay-hediye-mehmet-ali-uzman-ilkokulu&utm_term=karatay","Merhaba Hediye-Mehmet Ali Uzman İlkokulu velileri. Teachera Bursluluk Sinavi 2026 basvurusu icin link: https://teachera.com.tr/bursluluk-2026?utm_source=instagram&utm_medium=paid_social&utm_campaign=bursluluk_2026_school_coverage&utm_content=karatay-hediye-mehmet-ali-uzman-ilkokulu&utm_term=karatay
Sorulariniz icin bu numaraya yazabilirsiniz.",,social_dm,,,READY
Hüseyin Sevim Köroğlu İlkokulu,KARATAY,Konya,social_paid,facebook,paid_social,bursluluk_2026_school_coverage,karatay-huseyin-sevim-koroglu-ilkokulu,https://teachera.com.tr/bursluluk-2026?utm_source=facebook&utm_medium=paid_social&utm_campaign=bursluluk_2026_school_coverage&utm_content=karatay-huseyin-sevim-koroglu-ilkokulu&utm_term=karatay,"Merhaba Hüseyin Sevim Köroğlu İlkokulu velileri, Teachera Bursluluk Sinavi 2026 basvurulari acildi. Basvuru linki: https://teachera.com.tr/bursluluk-2026?utm_source=facebook&utm_medium=paid_social&utm_campaign=bursluluk_2026_school_coverage&utm_content=karatay-huseyin-sevim-koroglu-ilkokulu&utm_term=karatay","Merhaba Hüseyin Sevim Köroğlu İlkokulu velileri. Teachera Bursluluk Sinavi 2026 basvurusu icin link: https://teachera.com.tr/bursluluk-2026?utm_source=facebook&utm_medium=paid_social&utm_campaign=bursluluk_2026_school_coverage&utm_content=karatay-huseyin-sevim-koroglu-ilkokulu&utm_term=karatay
Sorulariniz icin bu numaraya yazabilirsiniz.",,social_dm,,,READY
İbrahim Sulhiye Kamanlı İlkokulu,KARATAY,Konya,social_paid,youtube,paid_social,bursluluk_2026_school_coverage,karatay-ibrahim-sulhiye-kamanli-ilkokulu,https://teachera.com.tr/bursluluk-2026?utm_source=youtube&utm_medium=paid_social&utm_campaign=bursluluk_2026_school_coverage&utm_content=karatay-ibrahim-sulhiye-kamanli-ilkokulu&utm_term=karatay,"Merhaba İbrahim Sulhiye Kamanlı İlkokulu velileri, Teachera Bursluluk Sinavi 2026 basvurulari acildi. Basvuru linki: https://teachera.com.tr/bursluluk-2026?utm_source=youtube&utm_medium=paid_social&utm_campaign=bursluluk_2026_school_coverage&utm_content=karatay-ibrahim-sulhiye-kamanli-ilkokulu&utm_term=karatay","Merhaba İbrahim Sulhiye Kamanlı İlkokulu velileri. Teachera Bursluluk Sinavi 2026 basvurusu icin link: https://teachera.com.tr/bursluluk-2026?utm_source=youtube&utm_medium=paid_social&utm_campaign=bursluluk_2026_school_coverage&utm_content=karatay-ibrahim-sulhiye-kamanli-ilkokulu&utm_term=karatay
Sorulariniz icin bu numaraya yazabilirsiniz.",,social_dm,,,READY
İlhan-Nuran Keskin İlkokulu,KARATAY,Konya,outdoor_qr,konya_outdoor,qr,bursluluk_2026_school_coverage,karatay-ilhan-nuran-keskin-ilkokulu,https://teachera.com.tr/bursluluk-2026?utm_source=konya_outdoor&utm_medium=qr&utm_campaign=bursluluk_2026_school_coverage&utm_content=karatay-ilhan-nuran-keskin-ilkokulu&utm_term=karatay,"Merhaba İlhan-Nuran Keskin İlkokulu velileri, Teachera Bursluluk Sinavi 2026 basvurulari acildi. Basvuru linki: https://teachera.com.tr/bursluluk-2026?utm_source=konya_outdoor&utm_medium=qr&utm_campaign=bursluluk_2026_school_coverage&utm_content=karatay-ilhan-nuran-keskin-ilkokulu&utm_term=karatay","Merhaba İlhan-Nuran Keskin İlkokulu velileri. Teachera Bursluluk Sinavi 2026 basvurusu icin link: https://teachera.com.tr/bursluluk-2026?utm_source=konya_outdoor&utm_medium=qr&utm_campaign=bursluluk_2026_school_coverage&utm_content=karatay-ilhan-nuran-keskin-ilkokulu&utm_term=karatay
Sorulariniz icin bu numaraya yazabilirsiniz.",,qr,,,READY
İSA CAN BEZİRCİ İMAM HATİP ORTAOKULU,KARATAY,Konya,mall_screen,konya_avm,screen,bursluluk_2026_school_coverage,karatay-isa-can-bezirci-imam-hatip-ortaokulu,https://teachera.com.tr/bursluluk-2026?utm_source=konya_avm&utm_medium=screen&utm_campaign=bursluluk_2026_school_coverage&utm_content=karatay-isa-can-bezirci-imam-hatip-ortaokulu&utm_term=karatay,"Merhaba İSA CAN BEZİRCİ İMAM HATİP ORTAOKULU velileri, Teachera Bursluluk Sinavi 2026 basvurulari acildi. Basvuru linki: https://teachera.com.tr/bursluluk-2026?utm_source=konya_avm&utm_medium=screen&utm_campaign=bursluluk_2026_school_coverage&utm_content=karatay-isa-can-bezirci-imam-hatip-ortaokulu&utm_term=karatay","Merhaba İSA CAN BEZİRCİ İMAM HATİP ORTAOKULU velileri. Teachera Bursluluk Sinavi 2026 basvurusu icin link: https://teachera.com.tr/bursluluk-2026?utm_source=konya_avm&utm_medium=screen&utm_campaign=bursluluk_2026_school_coverage&utm_content=karatay-isa-can-bezirci-imam-hatip-ortaokulu&utm_term=karatay
Sorulariniz icin bu numaraya yazabilirsiniz.",,avm_screen,,,READY
İsa Can Bezirci Ortaokulu,KARATAY,Konya,social_paid,instagram,paid_social,bursluluk_2026_school_coverage,karatay-isa-can-bezirci-ortaokulu,https://teachera.com.tr/bursluluk-2026?utm_source=instagram&utm_medium=paid_social&utm_campaign=bursluluk_2026_school_coverage&utm_content=karatay-isa-can-bezirci-ortaokulu&utm_term=karatay,"Merhaba İsa Can Bezirci Ortaokulu velileri, Teachera Bursluluk Sinavi 2026 basvurulari acildi. Basvuru linki: https://teachera.com.tr/bursluluk-2026?utm_source=instagram&utm_medium=paid_social&utm_campaign=bursluluk_2026_school_coverage&utm_content=karatay-isa-can-bezirci-ortaokulu&utm_term=karatay","Merhaba İsa Can Bezirci Ortaokulu velileri. Teachera Bursluluk Sinavi 2026 basvurusu icin link: https://teachera.com.tr/bursluluk-2026?utm_source=instagram&utm_medium=paid_social&utm_campaign=bursluluk_2026_school_coverage&utm_content=karatay-isa-can-bezirci-ortaokulu&utm_term=karatay
Sorulariniz icin bu numaraya yazabilirsiniz.",,social_dm,,,READY
İsmet Paşa İlkokulu,KARATAY,Konya,social_paid,facebook,paid_social,bursluluk_2026_school_coverage,karatay-ismet-pasa-ilkokulu,https://teachera.com.tr/bursluluk-2026?utm_source=facebook&utm_medium=paid_social&utm_campaign=bursluluk_2026_school_coverage&utm_content=karatay-ismet-pasa-ilkokulu&utm_term=karatay,"Merhaba İsmet Paşa İlkokulu velileri, Teachera Bursluluk Sinavi 2026 basvurulari acildi. Basvuru linki: https://teachera.com.tr/bursluluk-2026?utm_source=facebook&utm_medium=paid_social&utm_campaign=bursluluk_2026_school_coverage&utm_content=karatay-ismet-pasa-ilkokulu&utm_term=karatay","Merhaba İsmet Paşa İlkokulu velileri. Teachera Bursluluk Sinavi 2026 basvurusu icin link: https://teachera.com.tr/bursluluk-2026?utm_source=facebook&utm_medium=paid_social&utm_campaign=bursluluk_2026_school_coverage&utm_content=karatay-ismet-pasa-ilkokulu&utm_term=karatay
Sorulariniz icin bu numaraya yazabilirsiniz.",,social_dm,,,READY
İstiklal İlkokulu,KARATAY,Konya,social_paid,youtube,paid_social,bursluluk_2026_school_coverage,karatay-istiklal-ilkokulu,https://teachera.com.tr/bursluluk-2026?utm_source=youtube&utm_medium=paid_social&utm_campaign=bursluluk_2026_school_coverage&utm_content=karatay-istiklal-ilkokulu&utm_term=karatay,"Merhaba İstiklal İlkokulu velileri, Teachera Bursluluk Sinavi 2026 basvurulari acildi. Basvuru linki: https://teachera.com.tr/bursluluk-2026?utm_source=youtube&utm_medium=paid_social&utm_campaign=bursluluk_2026_school_coverage&utm_content=karatay-istiklal-ilkokulu&utm_term=karatay","Merhaba İstiklal İlkokulu velileri. Teachera Bursluluk Sinavi 2026 basvurusu icin link: https://teachera.com.tr/bursluluk-2026?utm_source=youtube&utm_medium=paid_social&utm_campaign=bursluluk_2026_school_coverage&utm_content=karatay-istiklal-ilkokulu&utm_term=karatay
Sorulariniz icin bu numaraya yazabilirsiniz.",,social_dm,,,READY
İstiklal Ortaokulu,KARATAY,Konya,outdoor_qr,konya_outdoor,qr,bursluluk_2026_school_coverage,karatay-istiklal-ortaokulu,https://teachera.com.tr/bursluluk-2026?utm_source=konya_outdoor&utm_medium=qr&utm_campaign=bursluluk_2026_school_coverage&utm_content=karatay-istiklal-ortaokulu&utm_term=karatay,"Merhaba İstiklal Ortaokulu velileri, Teachera Bursluluk Sinavi 2026 basvurulari acildi. Basvuru linki: https://teachera.com.tr/bursluluk-2026?utm_source=konya_outdoor&utm_medium=qr&utm_campaign=bursluluk_2026_school_coverage&utm_content=karatay-istiklal-ortaokulu&utm_term=karatay","Merhaba İstiklal Ortaokulu velileri. Teachera Bursluluk Sinavi 2026 basvurusu icin link: https://teachera.com.tr/bursluluk-2026?utm_source=konya_outdoor&utm_medium=qr&utm_campaign=bursluluk_2026_school_coverage&utm_content=karatay-istiklal-ortaokulu&utm_term=karatay
Sorulariniz icin bu numaraya yazabilirsiniz.",,qr,,,READY
İzzet Bezirci İlkokulu,KARATAY,Konya,mall_screen,konya_avm,screen,bursluluk_2026_school_coverage,karatay-izzet-bezirci-ilkokulu,https://teachera.com.tr/bursluluk-2026?utm_source=konya_avm&utm_medium=screen&utm_campaign=bursluluk_2026_school_coverage&utm_content=karatay-izzet-bezirci-ilkokulu&utm_term=karatay,"Merhaba İzzet Bezirci İlkokulu velileri, Teachera Bursluluk Sinavi 2026 basvurulari acildi. Basvuru linki: https://teachera.com.tr/bursluluk-2026?utm_source=konya_avm&utm_medium=screen&utm_campaign=bursluluk_2026_school_coverage&utm_content=karatay-izzet-bezirci-ilkokulu&utm_term=karatay","Merhaba İzzet Bezirci İlkokulu velileri. Teachera Bursluluk Sinavi 2026 basvurusu icin link: https://teachera.com.tr/bursluluk-2026?utm_source=konya_avm&utm_medium=screen&utm_campaign=bursluluk_2026_school_coverage&utm_content=karatay-izzet-bezirci-ilkokulu&utm_term=karatay
Sorulariniz icin bu numaraya yazabilirsiniz.",,avm_screen,,,READY
Karaaslan Atatürk İmam Hatip Ortaokulu,KARATAY,Konya,social_paid,instagram,paid_social,bursluluk_2026_school_coverage,karatay-karaaslan-ataturk-imam-hatip-ortaokulu,https://teachera.com.tr/bursluluk-2026?utm_source=instagram&utm_medium=paid_social&utm_campaign=bursluluk_2026_school_coverage&utm_content=karatay-karaaslan-ataturk-imam-hatip-ortaokulu&utm_term=karatay,"Merhaba Karaaslan Atatürk İmam Hatip Ortaokulu velileri, Teachera Bursluluk Sinavi 2026 basvurulari acildi. Basvuru linki: https://teachera.com.tr/bursluluk-2026?utm_source=instagram&utm_medium=paid_social&utm_campaign=bursluluk_2026_school_coverage&utm_content=karatay-karaaslan-ataturk-imam-hatip-ortaokulu&utm_term=karatay","Merhaba Karaaslan Atatürk İmam Hatip Ortaokulu velileri. Teachera Bursluluk Sinavi 2026 basvurusu icin link: https://teachera.com.tr/bursluluk-2026?utm_source=instagram&utm_medium=paid_social&utm_campaign=bursluluk_2026_school_coverage&utm_content=karatay-karaaslan-ataturk-imam-hatip-ortaokulu&utm_term=karatay
Sorulariniz icin bu numaraya yazabilirsiniz.",,social_dm,,,READY
Karaaslan Atatürk Ortaokulu,KARATAY,Konya,social_paid,facebook,paid_social,bursluluk_2026_school_coverage,karatay-karaaslan-ataturk-ortaokulu,https://teachera.com.tr/bursluluk-2026?utm_source=facebook&utm_medium=paid_social&utm_campaign=bursluluk_2026_school_coverage&utm_content=karatay-karaaslan-ataturk-ortaokulu&utm_term=karatay,"Merhaba Karaaslan Atatürk Ortaokulu velileri, Teachera Bursluluk Sinavi 2026 basvurulari acildi. Basvuru linki: https://teachera.com.tr/bursluluk-2026?utm_source=facebook&utm_medium=paid_social&utm_campaign=bursluluk_2026_school_coverage&utm_content=karatay-karaaslan-ataturk-ortaokulu&utm_term=karatay","Merhaba Karaaslan Atatürk Ortaokulu velileri. Teachera Bursluluk Sinavi 2026 basvurusu icin link: https://teachera.com.tr/bursluluk-2026?utm_source=facebook&utm_medium=paid_social&utm_campaign=bursluluk_2026_school_coverage&utm_content=karatay-karaaslan-ataturk-ortaokulu&utm_term=karatay
Sorulariniz icin bu numaraya yazabilirsiniz.",,social_dm,,,READY
Karaaslan Cumhuriyet İlkokulu,KARATAY,Konya,social_paid,youtube,paid_social,bursluluk_2026_school_coverage,karatay-karaaslan-cumhuriyet-ilkokulu,https://teachera.com.tr/bursluluk-2026?utm_source=youtube&utm_medium=paid_social&utm_campaign=bursluluk_2026_school_coverage&utm_content=karatay-karaaslan-cumhuriyet-ilkokulu&utm_term=karatay,"Merhaba Karaaslan Cumhuriyet İlkokulu velileri, Teachera Bursluluk Sinavi 2026 basvurulari acildi. Basvuru linki: https://teachera.com.tr/bursluluk-2026?utm_source=youtube&utm_medium=paid_social&utm_campaign=bursluluk_2026_school_coverage&utm_content=karatay-karaaslan-cumhuriyet-ilkokulu&utm_term=karatay","Merhaba Karaaslan Cumhuriyet İlkokulu velileri. Teachera Bursluluk Sinavi 2026 basvurusu icin link: https://teachera.com.tr/bursluluk-2026?utm_source=youtube&utm_medium=paid_social&utm_campaign=bursluluk_2026_school_coverage&utm_content=karatay-karaaslan-cumhuriyet-ilkokulu&utm_term=karatay
Sorulariniz icin bu numaraya yazabilirsiniz.",,social_dm,,,READY
Karatay 15 Temmuz Şehitleri Anadolu Lisesi,KARATAY,Konya,outdoor_qr,konya_outdoor,qr,bursluluk_2026_school_coverage,karatay-karatay-15-temmuz-sehitleri-anadolu-lisesi,https://teachera.com.tr/bursluluk-2026?utm_source=konya_outdoor&utm_medium=qr&utm_campaign=bursluluk_2026_school_coverage&utm_content=karatay-karatay-15-temmuz-sehitleri-anadolu-lisesi&utm_term=karatay,"Merhaba Karatay 15 Temmuz Şehitleri Anadolu Lisesi velileri, Teachera Bursluluk Sinavi 2026 basvurulari acildi. Basvuru linki: https://teachera.com.tr/bursluluk-2026?utm_source=konya_outdoor&utm_medium=qr&utm_campaign=bursluluk_2026_school_coverage&utm_content=karatay-karatay-15-temmuz-sehitleri-anadolu-lisesi&utm_term=karatay","Merhaba Karatay 15 Temmuz Şehitleri Anadolu Lisesi velileri. Teachera Bursluluk Sinavi 2026 basvurusu icin link: https://teachera.com.tr/bursluluk-2026?utm_source=konya_outdoor&utm_medium=qr&utm_campaign=bursluluk_2026_school_coverage&utm_content=karatay-karatay-15-temmuz-sehitleri-anadolu-lisesi&utm_term=karatay
Sorulariniz icin bu numaraya yazabilirsiniz.",,qr,,,READY
Karatay Ali Ulvi Kurucu Anadolu İmam Hatip Lisesi,KARATAY,Konya,mall_screen,konya_avm,screen,bursluluk_2026_school_coverage,karatay-karatay-ali-ulvi-kurucu-anadolu-imam-hatip-lisesi,https://teachera.com.tr/bursluluk-2026?utm_source=konya_avm&utm_medium=screen&utm_campaign=bursluluk_2026_school_coverage&utm_content=karatay-karatay-ali-ulvi-kurucu-anadolu-imam-hatip-lisesi&utm_term=karatay,"Merhaba Karatay Ali Ulvi Kurucu Anadolu İmam Hatip Lisesi velileri, Teachera Bursluluk Sinavi 2026 basvurulari acildi. Basvuru linki: https://teachera.com.tr/bursluluk-2026?utm_source=konya_avm&utm_medium=screen&utm_campaign=bursluluk_2026_school_coverage&utm_content=karatay-karatay-ali-ulvi-kurucu-anadolu-imam-hatip-lisesi&utm_term=karatay","Merhaba Karatay Ali Ulvi Kurucu Anadolu İmam Hatip Lisesi velileri. Teachera Bursluluk Sinavi 2026 basvurusu icin link: https://teachera.com.tr/bursluluk-2026?utm_source=konya_avm&utm_medium=screen&utm_campaign=bursluluk_2026_school_coverage&utm_content=karatay-karatay-ali-ulvi-kurucu-anadolu-imam-hatip-lisesi&utm_term=karatay
Sorulariniz icin bu numaraya yazabilirsiniz.",,avm_screen,,,READY
Karatay Aykent Mesleki ve Teknik Anadolu Lisesi,KARATAY,Konya,social_paid,instagram,paid_social,bursluluk_2026_school_coverage,karatay-karatay-aykent-mesleki-ve-teknik-anadolu-lisesi,https://teachera.com.tr/bursluluk-2026?utm_source=instagram&utm_medium=paid_social&utm_campaign=bursluluk_2026_school_coverage&utm_content=karatay-karatay-aykent-mesleki-ve-teknik-anadolu-lisesi&utm_term=karatay,"Merhaba Karatay Aykent Mesleki ve Teknik Anadolu Lisesi velileri, Teachera Bursluluk Sinavi 2026 basvurulari acildi. Basvuru linki: https://teachera.com.tr/bursluluk-2026?utm_source=instagram&utm_medium=paid_social&utm_campaign=bursluluk_2026_school_coverage&utm_content=karatay-karatay-aykent-mesleki-ve-teknik-anadolu-lisesi&utm_term=karatay","Merhaba Karatay Aykent Mesleki ve Teknik Anadolu Lisesi velileri. Teachera Bursluluk Sinavi 2026 basvurusu icin link: https://teachera.com.tr/bursluluk-2026?utm_source=instagram&utm_medium=paid_social&utm_campaign=bursluluk_2026_school_coverage&utm_content=karatay-karatay-aykent-mesleki-ve-teknik-anadolu-lisesi&utm_term=karatay
Sorulariniz icin bu numaraya yazabilirsiniz.",,social_dm,,,READY
Karatay Belediyesi 23 Nisan İmam Hatip Ortaokulu,KARATAY,Konya,social_paid,facebook,paid_social,bursluluk_2026_school_coverage,karatay-karatay-belediyesi-23-nisan-imam-hatip-ortaokulu,https://teachera.com.tr/bursluluk-2026?utm_source=facebook&utm_medium=paid_social&utm_campaign=bursluluk_2026_school_coverage&utm_content=karatay-karatay-belediyesi-23-nisan-imam-hatip-ortaokulu&utm_term=karatay,"Merhaba Karatay Belediyesi 23 Nisan İmam Hatip Ortaokulu velileri, Teachera Bursluluk Sinavi 2026 basvurulari acildi. Basvuru linki: https://teachera.com.tr/bursluluk-2026?utm_source=facebook&utm_medium=paid_social&utm_campaign=bursluluk_2026_school_coverage&utm_content=karatay-karatay-belediyesi-23-nisan-imam-hatip-ortaokulu&utm_term=karatay","Merhaba Karatay Belediyesi 23 Nisan İmam Hatip Ortaokulu velileri. Teachera Bursluluk Sinavi 2026 basvurusu icin link: https://teachera.com.tr/bursluluk-2026?utm_source=facebook&utm_medium=paid_social&utm_campaign=bursluluk_2026_school_coverage&utm_content=karatay-karatay-belediyesi-23-nisan-imam-hatip-ortaokulu&utm_term=karatay
Sorulariniz icin bu numaraya yazabilirsiniz.",,social_dm,,,READY
Karatay Belediyesi İmam Hatip Ortaokulu,KARATAY,Konya,social_paid,youtube,paid_social,bursluluk_2026_school_coverage,karatay-karatay-belediyesi-imam-hatip-ortaokulu,https://teachera.com.tr/bursluluk-2026?utm_source=youtube&utm_medium=paid_social&utm_campaign=bursluluk_2026_school_coverage&utm_content=karatay-karatay-belediyesi-imam-hatip-ortaokulu&utm_term=karatay,"Merhaba Karatay Belediyesi İmam Hatip Ortaokulu velileri, Teachera Bursluluk Sinavi 2026 basvurulari acildi. Basvuru linki: https://teachera.com.tr/bursluluk-2026?utm_source=youtube&utm_medium=paid_social&utm_campaign=bursluluk_2026_school_coverage&utm_content=karatay-karatay-belediyesi-imam-hatip-ortaokulu&utm_term=karatay","Merhaba Karatay Belediyesi İmam Hatip Ortaokulu velileri. Teachera Bursluluk Sinavi 2026 basvurusu icin link: https://teachera.com.tr/bursluluk-2026?utm_source=youtube&utm_medium=paid_social&utm_campaign=bursluluk_2026_school_coverage&utm_content=karatay-karatay-belediyesi-imam-hatip-ortaokulu&utm_term=karatay
Sorulariniz icin bu numaraya yazabilirsiniz.",,social_dm,,,READY
Karatay Belediyesi Osman Benliler İlkokulu,KARATAY,Konya,outdoor_qr,konya_outdoor,qr,bursluluk_2026_school_coverage,karatay-karatay-belediyesi-osman-benliler-ilkokulu,https://teachera.com.tr/bursluluk-2026?utm_source=konya_outdoor&utm_medium=qr&utm_campaign=bursluluk_2026_school_coverage&utm_content=karatay-karatay-belediyesi-osman-benliler-ilkokulu&utm_term=karatay,"Merhaba Karatay Belediyesi Osman Benliler İlkokulu velileri, Teachera Bursluluk Sinavi 2026 basvurulari acildi. Basvuru linki: https://teachera.com.tr/bursluluk-2026?utm_source=konya_outdoor&utm_medium=qr&utm_campaign=bursluluk_2026_school_coverage&utm_content=karatay-karatay-belediyesi-osman-benliler-ilkokulu&utm_term=karatay","Merhaba Karatay Belediyesi Osman Benliler İlkokulu velileri. Teachera Bursluluk Sinavi 2026 basvurusu icin link: https://teachera.com.tr/bursluluk-2026?utm_source=konya_outdoor&utm_medium=qr&utm_campaign=bursluluk_2026_school_coverage&utm_content=karatay-karatay-belediyesi-osman-benliler-ilkokulu&utm_term=karatay
Sorulariniz icin bu numaraya yazabilirsiniz.",,qr,,,READY
Karatay Borsa İstanbul Gazi Mustafa Kemal Turizm Mesleki ve Teknik Anadolu Lisesi,KARATAY,Konya,mall_screen,konya_avm,screen,bursluluk_2026_school_coverage,karatay-karatay-borsa-istanbul-gazi-mustafa-kemal-turizm-mesleki-ve-teknik-anadolu-lisesi,https://teachera.com.tr/bursluluk-2026?utm_source=konya_avm&utm_medium=screen&utm_campaign=bursluluk_2026_school_coverage&utm_content=karatay-karatay-borsa-istanbul-gazi-mustafa-kemal-turizm-mesleki-ve-teknik-anadolu-lisesi&utm_term=karatay,"Merhaba Karatay Borsa İstanbul Gazi Mustafa Kemal Turizm Mesleki ve Teknik Anadolu Lisesi velileri, Teachera Bursluluk Sinavi 2026 basvurulari acildi. Basvuru linki: https://teachera.com.tr/bursluluk-2026?utm_source=konya_avm&utm_medium=screen&utm_campaign=bursluluk_2026_school_coverage&utm_content=karatay-karatay-borsa-istanbul-gazi-mustafa-kemal-turizm-mesleki-ve-teknik-anadolu-lisesi&utm_term=karatay","Merhaba Karatay Borsa İstanbul Gazi Mustafa Kemal Turizm Mesleki ve Teknik Anadolu Lisesi velileri. Teachera Bursluluk Sinavi 2026 basvurusu icin link: https://teachera.com.tr/bursluluk-2026?utm_source=konya_avm&utm_medium=screen&utm_campaign=bursluluk_2026_school_coverage&utm_content=karatay-karatay-borsa-istanbul-gazi-mustafa-kemal-turizm-mesleki-ve-teknik-anadolu-lisesi&utm_term=karatay
Sorulariniz icin bu numaraya yazabilirsiniz.",,avm_screen,,,READY
Karatay Borsa İstanbul Zübeyde Hanım Kız Mesleki ve Teknik Anadolu Lisesi,KARATAY,Konya,social_paid,instagram,paid_social,bursluluk_2026_school_coverage,karatay-karatay-borsa-istanbul-zubeyde-hanim-kiz-mesleki-ve-teknik-anadolu-lisesi,https://teachera.com.tr/bursluluk-2026?utm_source=instagram&utm_medium=paid_social&utm_campaign=bursluluk_2026_school_coverage&utm_content=karatay-karatay-borsa-istanbul-zubeyde-hanim-kiz-mesleki-ve-teknik-anadolu-lisesi&utm_term=karatay,"Merhaba Karatay Borsa İstanbul Zübeyde Hanım Kız Mesleki ve Teknik Anadolu Lisesi velileri, Teachera Bursluluk Sinavi 2026 basvurulari acildi. Basvuru linki: https://teachera.com.tr/bursluluk-2026?utm_source=instagram&utm_medium=paid_social&utm_campaign=bursluluk_2026_school_coverage&utm_content=karatay-karatay-borsa-istanbul-zubeyde-hanim-kiz-mesleki-ve-teknik-anadolu-lisesi&utm_term=karatay","Merhaba Karatay Borsa İstanbul Zübeyde Hanım Kız Mesleki ve Teknik Anadolu Lisesi velileri. Teachera Bursluluk Sinavi 2026 basvurusu icin link: https://teachera.com.tr/bursluluk-2026?utm_source=instagram&utm_medium=paid_social&utm_campaign=bursluluk_2026_school_coverage&utm_content=karatay-karatay-borsa-istanbul-zubeyde-hanim-kiz-mesleki-ve-teknik-anadolu-lisesi&utm_term=karatay
Sorulariniz icin bu numaraya yazabilirsiniz.",,social_dm,,,READY
Karatay Fen Lisesi,KARATAY,Konya,social_paid,facebook,paid_social,bursluluk_2026_school_coverage,karatay-karatay-fen-lisesi,https://teachera.com.tr/bursluluk-2026?utm_source=facebook&utm_medium=paid_social&utm_campaign=bursluluk_2026_school_coverage&utm_content=karatay-karatay-fen-lisesi&utm_term=karatay,"Merhaba Karatay Fen Lisesi velileri, Teachera Bursluluk Sinavi 2026 basvurulari acildi. Basvuru linki: https://teachera.com.tr/bursluluk-2026?utm_source=facebook&utm_medium=paid_social&utm_campaign=bursluluk_2026_school_coverage&utm_content=karatay-karatay-fen-lisesi&utm_term=karatay","Merhaba Karatay Fen Lisesi velileri. Teachera Bursluluk Sinavi 2026 basvurusu icin link: https://teachera.com.tr/bursluluk-2026?utm_source=facebook&utm_medium=paid_social&utm_campaign=bursluluk_2026_school_coverage&utm_content=karatay-karatay-fen-lisesi&utm_term=karatay
Sorulariniz icin bu numaraya yazabilirsiniz.",,social_dm,,,READY
Karatay Hamza Yerlikaya Spor Lisesi,KARATAY,Konya,social_paid,youtube,paid_social,bursluluk_2026_school_coverage,karatay-karatay-hamza-yerlikaya-spor-lisesi,https://teachera.com.tr/bursluluk-2026?utm_source=youtube&utm_medium=paid_social&utm_campaign=bursluluk_2026_school_coverage&utm_content=karatay-karatay-hamza-yerlikaya-spor-lisesi&utm_term=karatay,"Merhaba Karatay Hamza Yerlikaya Spor Lisesi velileri, Teachera Bursluluk Sinavi 2026 basvurulari acildi. Basvuru linki: https://teachera.com.tr/bursluluk-2026?utm_source=youtube&utm_medium=paid_social&utm_campaign=bursluluk_2026_school_coverage&utm_content=karatay-karatay-hamza-yerlikaya-spor-lisesi&utm_term=karatay","Merhaba Karatay Hamza Yerlikaya Spor Lisesi velileri. Teachera Bursluluk Sinavi 2026 basvurusu icin link: https://teachera.com.tr/bursluluk-2026?utm_source=youtube&utm_medium=paid_social&utm_campaign=bursluluk_2026_school_coverage&utm_content=karatay-karatay-hamza-yerlikaya-spor-lisesi&utm_term=karatay
Sorulariniz icin bu numaraya yazabilirsiniz.",,social_dm,,,READY
Karatay Hürriyet Ortaokulu,KARATAY,Konya,outdoor_qr,konya_outdoor,qr,bursluluk_2026_school_coverage,karatay-karatay-hurriyet-ortaokulu,https://teachera.com.tr/bursluluk-2026?utm_source=konya_outdoor&utm_medium=qr&utm_campaign=bursluluk_2026_school_coverage&utm_content=karatay-karatay-hurriyet-ortaokulu&utm_term=karatay,"Merhaba Karatay Hürriyet Ortaokulu velileri, Teachera Bursluluk Sinavi 2026 basvurulari acildi. Basvuru linki: https://teachera.com.tr/bursluluk-2026?utm_source=konya_outdoor&utm_medium=qr&utm_campaign=bursluluk_2026_school_coverage&utm_content=karatay-karatay-hurriyet-ortaokulu&utm_term=karatay","Merhaba Karatay Hürriyet Ortaokulu velileri. Teachera Bursluluk Sinavi 2026 basvurusu icin link: https://teachera.com.tr/bursluluk-2026?utm_source=konya_outdoor&utm_medium=qr&utm_campaign=bursluluk_2026_school_coverage&utm_content=karatay-karatay-hurriyet-ortaokulu&utm_term=karatay
Sorulariniz icin bu numaraya yazabilirsiniz.",,qr,,,READY
Karatay İlhan-Nuran Keskin Ortaokulu,KARATAY,Konya,mall_screen,konya_avm,screen,bursluluk_2026_school_coverage,karatay-karatay-ilhan-nuran-keskin-ortaokulu,https://teachera.com.tr/bursluluk-2026?utm_source=konya_avm&utm_medium=screen&utm_campaign=bursluluk_2026_school_coverage&utm_content=karatay-karatay-ilhan-nuran-keskin-ortaokulu&utm_term=karatay,"Merhaba Karatay İlhan-Nuran Keskin Ortaokulu velileri, Teachera Bursluluk Sinavi 2026 basvurulari acildi. Basvuru linki: https://teachera.com.tr/bursluluk-2026?utm_source=konya_avm&utm_medium=screen&utm_campaign=bursluluk_2026_school_coverage&utm_content=karatay-karatay-ilhan-nuran-keskin-ortaokulu&utm_term=karatay","Merhaba Karatay İlhan-Nuran Keskin Ortaokulu velileri. Teachera Bursluluk Sinavi 2026 basvurusu icin link: https://teachera.com.tr/bursluluk-2026?utm_source=konya_avm&utm_medium=screen&utm_campaign=bursluluk_2026_school_coverage&utm_content=karatay-karatay-ilhan-nuran-keskin-ortaokulu&utm_term=karatay
Sorulariniz icin bu numaraya yazabilirsiniz.",,avm_screen,,,READY
Karatay Kocatepe İlkokulu,KARATAY,Konya,social_paid,instagram,paid_social,bursluluk_2026_school_coverage,karatay-karatay-kocatepe-ilkokulu,https://teachera.com.tr/bursluluk-2026?utm_source=instagram&utm_medium=paid_social&utm_campaign=bursluluk_2026_school_coverage&utm_content=karatay-karatay-kocatepe-ilkokulu&utm_term=karatay,"Merhaba Karatay Kocatepe İlkokulu velileri, Teachera Bursluluk Sinavi 2026 basvurulari acildi. Basvuru linki: https://teachera.com.tr/bursluluk-2026?utm_source=instagram&utm_medium=paid_social&utm_campaign=bursluluk_2026_school_coverage&utm_content=karatay-karatay-kocatepe-ilkokulu&utm_term=karatay","Merhaba Karatay Kocatepe İlkokulu velileri. Teachera Bursluluk Sinavi 2026 basvurusu icin link: https://teachera.com.tr/bursluluk-2026?utm_source=instagram&utm_medium=paid_social&utm_campaign=bursluluk_2026_school_coverage&utm_content=karatay-karatay-kocatepe-ilkokulu&utm_term=karatay
Sorulariniz icin bu numaraya yazabilirsiniz.",,social_dm,,,READY
Karatay Nermin-Agah-Erdinç Topak Ortaokulu,KARATAY,Konya,social_paid,facebook,paid_social,bursluluk_2026_school_coverage,karatay-karatay-nermin-agah-erdinc-topak-ortaokulu,https://teachera.com.tr/bursluluk-2026?utm_source=facebook&utm_medium=paid_social&utm_campaign=bursluluk_2026_school_coverage&utm_content=karatay-karatay-nermin-agah-erdinc-topak-ortaokulu&utm_term=karatay,"Merhaba Karatay Nermin-Agah-Erdinç Topak Ortaokulu velileri, Teachera Bursluluk Sinavi 2026 basvurulari acildi. Basvuru linki: https://teachera.com.tr/bursluluk-2026?utm_source=facebook&utm_medium=paid_social&utm_campaign=bursluluk_2026_school_coverage&utm_content=karatay-karatay-nermin-agah-erdinc-topak-ortaokulu&utm_term=karatay","Merhaba Karatay Nermin-Agah-Erdinç Topak Ortaokulu velileri. Teachera Bursluluk Sinavi 2026 basvurusu icin link: https://teachera.com.tr/bursluluk-2026?utm_source=facebook&utm_medium=paid_social&utm_campaign=bursluluk_2026_school_coverage&utm_content=karatay-karatay-nermin-agah-erdinc-topak-ortaokulu&utm_term=karatay
Sorulariniz icin bu numaraya yazabilirsiniz.",,social_dm,,,READY
Karatay Ortaokulu,KARATAY,Konya,social_paid,youtube,paid_social,bursluluk_2026_school_coverage,karatay-karatay-ortaokulu,https://teachera.com.tr/bursluluk-2026?utm_source=youtube&utm_medium=paid_social&utm_campaign=bursluluk_2026_school_coverage&utm_content=karatay-karatay-ortaokulu&utm_term=karatay,"Merhaba Karatay Ortaokulu velileri, Teachera Bursluluk Sinavi 2026 basvurulari acildi. Basvuru linki: https://teachera.com.tr/bursluluk-2026?utm_source=youtube&utm_medium=paid_social&utm_campaign=bursluluk_2026_school_coverage&utm_content=karatay-karatay-ortaokulu&utm_term=karatay","Merhaba Karatay Ortaokulu velileri. Teachera Bursluluk Sinavi 2026 basvurusu icin link: https://teachera.com.tr/bursluluk-2026?utm_source=youtube&utm_medium=paid_social&utm_campaign=bursluluk_2026_school_coverage&utm_content=karatay-karatay-ortaokulu&utm_term=karatay
Sorulariniz icin bu numaraya yazabilirsiniz.",,social_dm,,,READY
Karatay Sadreddin Konevi Anadolu İmam Hatip Lisesi,KARATAY,Konya,outdoor_qr,konya_outdoor,qr,bursluluk_2026_school_coverage,karatay-karatay-sadreddin-konevi-anadolu-imam-hatip-lisesi,https://teachera.com.tr/bursluluk-2026?utm_source=konya_outdoor&utm_medium=qr&utm_campaign=bursluluk_2026_school_coverage&utm_content=karatay-karatay-sadreddin-konevi-anadolu-imam-hatip-lisesi&utm_term=karatay,"Merhaba Karatay Sadreddin Konevi Anadolu İmam Hatip Lisesi velileri, Teachera Bursluluk Sinavi 2026 basvurulari acildi. Basvuru linki: https://teachera.com.tr/bursluluk-2026?utm_source=konya_outdoor&utm_medium=qr&utm_campaign=bursluluk_2026_school_coverage&utm_content=karatay-karatay-sadreddin-konevi-anadolu-imam-hatip-lisesi&utm_term=karatay","Merhaba Karatay Sadreddin Konevi Anadolu İmam Hatip Lisesi velileri. Teachera Bursluluk Sinavi 2026 basvurusu icin link: https://teachera.com.tr/bursluluk-2026?utm_source=konya_outdoor&utm_medium=qr&utm_campaign=bursluluk_2026_school_coverage&utm_content=karatay-karatay-sadreddin-konevi-anadolu-imam-hatip-lisesi&utm_term=karatay
Sorulariniz icin bu numaraya yazabilirsiniz.",,qr,,,READY
Karatay Ticaret Mesleki ve Teknik Anadolu Lisesi,KARATAY,Konya,mall_screen,konya_avm,screen,bursluluk_2026_school_coverage,karatay-karatay-ticaret-mesleki-ve-teknik-anadolu-lisesi,https://teachera.com.tr/bursluluk-2026?utm_source=konya_avm&utm_medium=screen&utm_campaign=bursluluk_2026_school_coverage&utm_content=karatay-karatay-ticaret-mesleki-ve-teknik-anadolu-lisesi&utm_term=karatay,"Merhaba Karatay Ticaret Mesleki ve Teknik Anadolu Lisesi velileri, Teachera Bursluluk Sinavi 2026 basvurulari acildi. Basvuru linki: https://teachera.com.tr/bursluluk-2026?utm_source=konya_avm&utm_medium=screen&utm_campaign=bursluluk_2026_school_coverage&utm_content=karatay-karatay-ticaret-mesleki-ve-teknik-anadolu-lisesi&utm_term=karatay","Merhaba Karatay Ticaret Mesleki ve Teknik Anadolu Lisesi velileri. Teachera Bursluluk Sinavi 2026 basvurusu icin link: https://teachera.com.tr/bursluluk-2026?utm_source=konya_avm&utm_medium=screen&utm_campaign=bursluluk_2026_school_coverage&utm_content=karatay-karatay-ticaret-mesleki-ve-teknik-anadolu-lisesi&utm_term=karatay
Sorulariniz icin bu numaraya yazabilirsiniz.",,avm_screen,,,READY
Karatay TOKİ Anadolu Lisesi,KARATAY,Konya,social_paid,instagram,paid_social,bursluluk_2026_school_coverage,karatay-karatay-toki-anadolu-lisesi,https://teachera.com.tr/bursluluk-2026?utm_source=instagram&utm_medium=paid_social&utm_campaign=bursluluk_2026_school_coverage&utm_content=karatay-karatay-toki-anadolu-lisesi&utm_term=karatay,"Merhaba Karatay TOKİ Anadolu Lisesi velileri, Teachera Bursluluk Sinavi 2026 basvurulari acildi. Basvuru linki: https://teachera.com.tr/bursluluk-2026?utm_source=instagram&utm_medium=paid_social&utm_campaign=bursluluk_2026_school_coverage&utm_content=karatay-karatay-toki-anadolu-lisesi&utm_term=karatay","Merhaba Karatay TOKİ Anadolu Lisesi velileri. Teachera Bursluluk Sinavi 2026 basvurusu icin link: https://teachera.com.tr/bursluluk-2026?utm_source=instagram&utm_medium=paid_social&utm_campaign=bursluluk_2026_school_coverage&utm_content=karatay-karatay-toki-anadolu-lisesi&utm_term=karatay
Sorulariniz icin bu numaraya yazabilirsiniz.",,social_dm,,,READY
Karkent İlkokulu,KARATAY,Konya,social_paid,facebook,paid_social,bursluluk_2026_school_coverage,karatay-karkent-ilkokulu,https://teachera.com.tr/bursluluk-2026?utm_source=facebook&utm_medium=paid_social&utm_campaign=bursluluk_2026_school_coverage&utm_content=karatay-karkent-ilkokulu&utm_term=karatay,"Merhaba Karkent İlkokulu velileri, Teachera Bursluluk Sinavi 2026 basvurulari acildi. Basvuru linki: https://teachera.com.tr/bursluluk-2026?utm_source=facebook&utm_medium=paid_social&utm_campaign=bursluluk_2026_school_coverage&utm_content=karatay-karkent-ilkokulu&utm_term=karatay","Merhaba Karkent İlkokulu velileri. Teachera Bursluluk Sinavi 2026 basvurusu icin link: https://teachera.com.tr/bursluluk-2026?utm_source=facebook&utm_medium=paid_social&utm_campaign=bursluluk_2026_school_coverage&utm_content=karatay-karkent-ilkokulu&utm_term=karatay
Sorulariniz icin bu numaraya yazabilirsiniz.",,social_dm,,,READY
Kılıçarslan Borsa İstanbul Mesleki ve Teknik Anadolu Lisesi,KARATAY,Konya,social_paid,youtube,paid_social,bursluluk_2026_school_coverage,karatay-kilicarslan-borsa-istanbul-mesleki-ve-teknik-anadolu-lisesi,https://teachera.com.tr/bursluluk-2026?utm_source=youtube&utm_medium=paid_social&utm_campaign=bursluluk_2026_school_coverage&utm_content=karatay-kilicarslan-borsa-istanbul-mesleki-ve-teknik-anadolu-lisesi&utm_term=karatay,"Merhaba Kılıçarslan Borsa İstanbul Mesleki ve Teknik Anadolu Lisesi velileri, Teachera Bursluluk Sinavi 2026 basvurulari acildi. Basvuru linki: https://teachera.com.tr/bursluluk-2026?utm_source=youtube&utm_medium=paid_social&utm_campaign=bursluluk_2026_school_coverage&utm_content=karatay-kilicarslan-borsa-istanbul-mesleki-ve-teknik-anadolu-lisesi&utm_term=karatay","Merhaba Kılıçarslan Borsa İstanbul Mesleki ve Teknik Anadolu Lisesi velileri. Teachera Bursluluk Sinavi 2026 basvurusu icin link: https://teachera.com.tr/bursluluk-2026?utm_source=youtube&utm_medium=paid_social&utm_campaign=bursluluk_2026_school_coverage&utm_content=karatay-kilicarslan-borsa-istanbul-mesleki-ve-teknik-anadolu-lisesi&utm_term=karatay
Sorulariniz icin bu numaraya yazabilirsiniz.",,social_dm,,,READY
Konya Anadolu İmam Hatip Lisesi,KARATAY,Konya,outdoor_qr,konya_outdoor,qr,bursluluk_2026_school_coverage,karatay-konya-anadolu-imam-hatip-lisesi,https://teachera.com.tr/bursluluk-2026?utm_source=konya_outdoor&utm_medium=qr&utm_campaign=bursluluk_2026_school_coverage&utm_content=karatay-konya-anadolu-imam-hatip-lisesi&utm_term=karatay,"Merhaba Konya Anadolu İmam Hatip Lisesi velileri, Teachera Bursluluk Sinavi 2026 basvurulari acildi. Basvuru linki: https://teachera.com.tr/bursluluk-2026?utm_source=konya_outdoor&utm_medium=qr&utm_campaign=bursluluk_2026_school_coverage&utm_content=karatay-konya-anadolu-imam-hatip-lisesi&utm_term=karatay","Merhaba Konya Anadolu İmam Hatip Lisesi velileri. Teachera Bursluluk Sinavi 2026 basvurusu icin link: https://teachera.com.tr/bursluluk-2026?utm_source=konya_outdoor&utm_medium=qr&utm_campaign=bursluluk_2026_school_coverage&utm_content=karatay-konya-anadolu-imam-hatip-lisesi&utm_term=karatay
Sorulariniz icin bu numaraya yazabilirsiniz.",,qr,,,READY
Konya Türk Telekom Sosyal Bilimler Lisesi,KARATAY,Konya,mall_screen,konya_avm,screen,bursluluk_2026_school_coverage,karatay-konya-turk-telekom-sosyal-bilimler-lisesi,https://teachera.com.tr/bursluluk-2026?utm_source=konya_avm&utm_medium=screen&utm_campaign=bursluluk_2026_school_coverage&utm_content=karatay-konya-turk-telekom-sosyal-bilimler-lisesi&utm_term=karatay,"Merhaba Konya Türk Telekom Sosyal Bilimler Lisesi velileri, Teachera Bursluluk Sinavi 2026 basvurulari acildi. Basvuru linki: https://teachera.com.tr/bursluluk-2026?utm_source=konya_avm&utm_medium=screen&utm_campaign=bursluluk_2026_school_coverage&utm_content=karatay-konya-turk-telekom-sosyal-bilimler-lisesi&utm_term=karatay","Merhaba Konya Türk Telekom Sosyal Bilimler Lisesi velileri. Teachera Bursluluk Sinavi 2026 basvurusu icin link: https://teachera.com.tr/bursluluk-2026?utm_source=konya_avm&utm_medium=screen&utm_campaign=bursluluk_2026_school_coverage&utm_content=karatay-konya-turk-telekom-sosyal-bilimler-lisesi&utm_term=karatay
Sorulariniz icin bu numaraya yazabilirsiniz.",,avm_screen,,,READY
Koyunoğlu İlkokulu,KARATAY,Konya,social_paid,instagram,paid_social,bursluluk_2026_school_coverage,karatay-koyunoglu-ilkokulu,https://teachera.com.tr/bursluluk-2026?utm_source=instagram&utm_medium=paid_social&utm_campaign=bursluluk_2026_school_coverage&utm_content=karatay-koyunoglu-ilkokulu&utm_term=karatay,"Merhaba Koyunoğlu İlkokulu velileri, Teachera Bursluluk Sinavi 2026 basvurulari acildi. Basvuru linki: https://teachera.com.tr/bursluluk-2026?utm_source=instagram&utm_medium=paid_social&utm_campaign=bursluluk_2026_school_coverage&utm_content=karatay-koyunoglu-ilkokulu&utm_term=karatay","Merhaba Koyunoğlu İlkokulu velileri. Teachera Bursluluk Sinavi 2026 basvurusu icin link: https://teachera.com.tr/bursluluk-2026?utm_source=instagram&utm_medium=paid_social&utm_campaign=bursluluk_2026_school_coverage&utm_content=karatay-koyunoglu-ilkokulu&utm_term=karatay
Sorulariniz icin bu numaraya yazabilirsiniz.",,social_dm,,,READY
Kurtuluş Ortaokulu,KARATAY,Konya,social_paid,facebook,paid_social,bursluluk_2026_school_coverage,karatay-kurtulus-ortaokulu,https://teachera.com.tr/bursluluk-2026?utm_source=facebook&utm_medium=paid_social&utm_campaign=bursluluk_2026_school_coverage&utm_content=karatay-kurtulus-ortaokulu&utm_term=karatay,"Merhaba Kurtuluş Ortaokulu velileri, Teachera Bursluluk Sinavi 2026 basvurulari acildi. Basvuru linki: https://teachera.com.tr/bursluluk-2026?utm_source=facebook&utm_medium=paid_social&utm_campaign=bursluluk_2026_school_coverage&utm_content=karatay-kurtulus-ortaokulu&utm_term=karatay","Merhaba Kurtuluş Ortaokulu velileri. Teachera Bursluluk Sinavi 2026 basvurusu icin link: https://teachera.com.tr/bursluluk-2026?utm_source=facebook&utm_medium=paid_social&utm_campaign=bursluluk_2026_school_coverage&utm_content=karatay-kurtulus-ortaokulu&utm_term=karatay
Sorulariniz icin bu numaraya yazabilirsiniz.",,social_dm,,,READY
Kuvayi Milliye İlkokulu,KARATAY,Konya,social_paid,youtube,paid_social,bursluluk_2026_school_coverage,karatay-kuvayi-milliye-ilkokulu,https://teachera.com.tr/bursluluk-2026?utm_source=youtube&utm_medium=paid_social&utm_campaign=bursluluk_2026_school_coverage&utm_content=karatay-kuvayi-milliye-ilkokulu&utm_term=karatay,"Merhaba Kuvayi Milliye İlkokulu velileri, Teachera Bursluluk Sinavi 2026 basvurulari acildi. Basvuru linki: https://teachera.com.tr/bursluluk-2026?utm_source=youtube&utm_medium=paid_social&utm_campaign=bursluluk_2026_school_coverage&utm_content=karatay-kuvayi-milliye-ilkokulu&utm_term=karatay","Merhaba Kuvayi Milliye İlkokulu velileri. Teachera Bursluluk Sinavi 2026 basvurusu icin link: https://teachera.com.tr/bursluluk-2026?utm_source=youtube&utm_medium=paid_social&utm_campaign=bursluluk_2026_school_coverage&utm_content=karatay-kuvayi-milliye-ilkokulu&utm_term=karatay
Sorulariniz icin bu numaraya yazabilirsiniz.",,social_dm,,,READY
Mahide Koşukçu İlkokulu,KARATAY,Konya,outdoor_qr,konya_outdoor,qr,bursluluk_2026_school_coverage,karatay-mahide-kosukcu-ilkokulu,https://teachera.com.tr/bursluluk-2026?utm_source=konya_outdoor&utm_medium=qr&utm_campaign=bursluluk_2026_school_coverage&utm_content=karatay-mahide-kosukcu-ilkokulu&utm_term=karatay,"Merhaba Mahide Koşukçu İlkokulu velileri, Teachera Bursluluk Sinavi 2026 basvurulari acildi. Basvuru linki: https://teachera.com.tr/bursluluk-2026?utm_source=konya_outdoor&utm_medium=qr&utm_campaign=bursluluk_2026_school_coverage&utm_content=karatay-mahide-kosukcu-ilkokulu&utm_term=karatay","Merhaba Mahide Koşukçu İlkokulu velileri. Teachera Bursluluk Sinavi 2026 basvurusu icin link: https://teachera.com.tr/bursluluk-2026?utm_source=konya_outdoor&utm_medium=qr&utm_campaign=bursluluk_2026_school_coverage&utm_content=karatay-mahide-kosukcu-ilkokulu&utm_term=karatay
Sorulariniz icin bu numaraya yazabilirsiniz.",,qr,,,READY
Mehmet-Hanife Yapıcı Anadolu Lisesi,KARATAY,Konya,mall_screen,konya_avm,screen,bursluluk_2026_school_coverage,karatay-mehmet-hanife-yapici-anadolu-lisesi,https://teachera.com.tr/bursluluk-2026?utm_source=konya_avm&utm_medium=screen&utm_campaign=bursluluk_2026_school_coverage&utm_content=karatay-mehmet-hanife-yapici-anadolu-lisesi&utm_term=karatay,"Merhaba Mehmet-Hanife Yapıcı Anadolu Lisesi velileri, Teachera Bursluluk Sinavi 2026 basvurulari acildi. Basvuru linki: https://teachera.com.tr/bursluluk-2026?utm_source=konya_avm&utm_medium=screen&utm_campaign=bursluluk_2026_school_coverage&utm_content=karatay-mehmet-hanife-yapici-anadolu-lisesi&utm_term=karatay","Merhaba Mehmet-Hanife Yapıcı Anadolu Lisesi velileri. Teachera Bursluluk Sinavi 2026 basvurusu icin link: https://teachera.com.tr/bursluluk-2026?utm_source=konya_avm&utm_medium=screen&utm_campaign=bursluluk_2026_school_coverage&utm_content=karatay-mehmet-hanife-yapici-anadolu-lisesi&utm_term=karatay
Sorulariniz icin bu numaraya yazabilirsiniz.",,avm_screen,,,READY
Mehmetçik İlkokulu,KARATAY,Konya,social_paid,instagram,paid_social,bursluluk_2026_school_coverage,karatay-mehmetcik-ilkokulu,https://teachera.com.tr/bursluluk-2026?utm_source=instagram&utm_medium=paid_social&utm_campaign=bursluluk_2026_school_coverage&utm_content=karatay-mehmetcik-ilkokulu&utm_term=karatay,"Merhaba Mehmetçik İlkokulu velileri, Teachera Bursluluk Sinavi 2026 basvurulari acildi. Basvuru linki: https://teachera.com.tr/bursluluk-2026?utm_source=instagram&utm_medium=paid_social&utm_campaign=bursluluk_2026_school_coverage&utm_content=karatay-mehmetcik-ilkokulu&utm_term=karatay","Merhaba Mehmetçik İlkokulu velileri. Teachera Bursluluk Sinavi 2026 basvurusu icin link: https://teachera.com.tr/bursluluk-2026?utm_source=instagram&utm_medium=paid_social&utm_campaign=bursluluk_2026_school_coverage&utm_content=karatay-mehmetcik-ilkokulu&utm_term=karatay
Sorulariniz icin bu numaraya yazabilirsiniz.",,social_dm,,,READY
Mehmetçik İmam Hatip Ortaokulu,KARATAY,Konya,social_paid,facebook,paid_social,bursluluk_2026_school_coverage,karatay-mehmetcik-imam-hatip-ortaokulu,https://teachera.com.tr/bursluluk-2026?utm_source=facebook&utm_medium=paid_social&utm_campaign=bursluluk_2026_school_coverage&utm_content=karatay-mehmetcik-imam-hatip-ortaokulu&utm_term=karatay,"Merhaba Mehmetçik İmam Hatip Ortaokulu velileri, Teachera Bursluluk Sinavi 2026 basvurulari acildi. Basvuru linki: https://teachera.com.tr/bursluluk-2026?utm_source=facebook&utm_medium=paid_social&utm_campaign=bursluluk_2026_school_coverage&utm_content=karatay-mehmetcik-imam-hatip-ortaokulu&utm_term=karatay","Merhaba Mehmetçik İmam Hatip Ortaokulu velileri. Teachera Bursluluk Sinavi 2026 basvurusu icin link: https://teachera.com.tr/bursluluk-2026?utm_source=facebook&utm_medium=paid_social&utm_campaign=bursluluk_2026_school_coverage&utm_content=karatay-mehmetcik-imam-hatip-ortaokulu&utm_term=karatay
Sorulariniz icin bu numaraya yazabilirsiniz.",,social_dm,,,READY
Mevlana Kız Anadolu İmam Hatip Lisesi,KARATAY,Konya,social_paid,youtube,paid_social,bursluluk_2026_school_coverage,karatay-mevlana-kiz-anadolu-imam-hatip-lisesi,https://teachera.com.tr/bursluluk-2026?utm_source=youtube&utm_medium=paid_social&utm_campaign=bursluluk_2026_school_coverage&utm_content=karatay-mevlana-kiz-anadolu-imam-hatip-lisesi&utm_term=karatay,"Merhaba Mevlana Kız Anadolu İmam Hatip Lisesi velileri, Teachera Bursluluk Sinavi 2026 basvurulari acildi. Basvuru linki: https://teachera.com.tr/bursluluk-2026?utm_source=youtube&utm_medium=paid_social&utm_campaign=bursluluk_2026_school_coverage&utm_content=karatay-mevlana-kiz-anadolu-imam-hatip-lisesi&utm_term=karatay","Merhaba Mevlana Kız Anadolu İmam Hatip Lisesi velileri. Teachera Bursluluk Sinavi 2026 basvurusu icin link: https://teachera.com.tr/bursluluk-2026?utm_source=youtube&utm_medium=paid_social&utm_campaign=bursluluk_2026_school_coverage&utm_content=karatay-mevlana-kiz-anadolu-imam-hatip-lisesi&utm_term=karatay
Sorulariniz icin bu numaraya yazabilirsiniz.",,social_dm,,,READY
Müslüme Ali Yaman İmam Hatip Ortaokulu,KARATAY,Konya,outdoor_qr,konya_outdoor,qr,bursluluk_2026_school_coverage,karatay-muslume-ali-yaman-imam-hatip-ortaokulu,https://teachera.com.tr/bursluluk-2026?utm_source=konya_outdoor&utm_medium=qr&utm_campaign=bursluluk_2026_school_coverage&utm_content=karatay-muslume-ali-yaman-imam-hatip-ortaokulu&utm_term=karatay,"Merhaba Müslüme Ali Yaman İmam Hatip Ortaokulu velileri, Teachera Bursluluk Sinavi 2026 basvurulari acildi. Basvuru linki: https://teachera.com.tr/bursluluk-2026?utm_source=konya_outdoor&utm_medium=qr&utm_campaign=bursluluk_2026_school_coverage&utm_content=karatay-muslume-ali-yaman-imam-hatip-ortaokulu&utm_term=karatay","Merhaba Müslüme Ali Yaman İmam Hatip Ortaokulu velileri. Teachera Bursluluk Sinavi 2026 basvurusu icin link: https://teachera.com.tr/bursluluk-2026?utm_source=konya_outdoor&utm_medium=qr&utm_campaign=bursluluk_2026_school_coverage&utm_content=karatay-muslume-ali-yaman-imam-hatip-ortaokulu&utm_term=karatay
Sorulariniz icin bu numaraya yazabilirsiniz.",,qr,,,READY
Mustafa Aydın İlkokulu,KARATAY,Konya,mall_screen,konya_avm,screen,bursluluk_2026_school_coverage,karatay-mustafa-aydin-ilkokulu,https://teachera.com.tr/bursluluk-2026?utm_source=konya_avm&utm_medium=screen&utm_campaign=bursluluk_2026_school_coverage&utm_content=karatay-mustafa-aydin-ilkokulu&utm_term=karatay,"Merhaba Mustafa Aydın İlkokulu velileri, Teachera Bursluluk Sinavi 2026 basvurulari acildi. Basvuru linki: https://teachera.com.tr/bursluluk-2026?utm_source=konya_avm&utm_medium=screen&utm_campaign=bursluluk_2026_school_coverage&utm_content=karatay-mustafa-aydin-ilkokulu&utm_term=karatay","Merhaba Mustafa Aydın İlkokulu velileri. Teachera Bursluluk Sinavi 2026 basvurusu icin link: https://teachera.com.tr/bursluluk-2026?utm_source=konya_avm&utm_medium=screen&utm_campaign=bursluluk_2026_school_coverage&utm_content=karatay-mustafa-aydin-ilkokulu&utm_term=karatay
Sorulariniz icin bu numaraya yazabilirsiniz.",,avm_screen,,,READY
Namık Kemal Ortaokulu,KARATAY,Konya,social_paid,instagram,paid_social,bursluluk_2026_school_coverage,karatay-namik-kemal-ortaokulu,https://teachera.com.tr/bursluluk-2026?utm_source=instagram&utm_medium=paid_social&utm_campaign=bursluluk_2026_school_coverage&utm_content=karatay-namik-kemal-ortaokulu&utm_term=karatay,"Merhaba Namık Kemal Ortaokulu velileri, Teachera Bursluluk Sinavi 2026 basvurulari acildi. Basvuru linki: https://teachera.com.tr/bursluluk-2026?utm_source=instagram&utm_medium=paid_social&utm_campaign=bursluluk_2026_school_coverage&utm_content=karatay-namik-kemal-ortaokulu&utm_term=karatay","Merhaba Namık Kemal Ortaokulu velileri. Teachera Bursluluk Sinavi 2026 basvurusu icin link: https://teachera.com.tr/bursluluk-2026?utm_source=instagram&utm_medium=paid_social&utm_campaign=bursluluk_2026_school_coverage&utm_content=karatay-namik-kemal-ortaokulu&utm_term=karatay
Sorulariniz icin bu numaraya yazabilirsiniz.",,social_dm,,,READY
Nermin Agah Erdinç Topak İlkokulu,KARATAY,Konya,social_paid,facebook,paid_social,bursluluk_2026_school_coverage,karatay-nermin-agah-erdinc-topak-ilkokulu,https://teachera.com.tr/bursluluk-2026?utm_source=facebook&utm_medium=paid_social&utm_campaign=bursluluk_2026_school_coverage&utm_content=karatay-nermin-agah-erdinc-topak-ilkokulu&utm_term=karatay,"Merhaba Nermin Agah Erdinç Topak İlkokulu velileri, Teachera Bursluluk Sinavi 2026 basvurulari acildi. Basvuru linki: https://teachera.com.tr/bursluluk-2026?utm_source=facebook&utm_medium=paid_social&utm_campaign=bursluluk_2026_school_coverage&utm_content=karatay-nermin-agah-erdinc-topak-ilkokulu&utm_term=karatay","Merhaba Nermin Agah Erdinç Topak İlkokulu velileri. Teachera Bursluluk Sinavi 2026 basvurusu icin link: https://teachera.com.tr/bursluluk-2026?utm_source=facebook&utm_medium=paid_social&utm_campaign=bursluluk_2026_school_coverage&utm_content=karatay-nermin-agah-erdinc-topak-ilkokulu&utm_term=karatay
Sorulariniz icin bu numaraya yazabilirsiniz.",,social_dm,,,READY
Nizamülmülk Anadolu Lisesi,KARATAY,Konya,social_paid,youtube,paid_social,bursluluk_2026_school_coverage,karatay-nizamulmulk-anadolu-lisesi,https://teachera.com.tr/bursluluk-2026?utm_source=youtube&utm_medium=paid_social&utm_campaign=bursluluk_2026_school_coverage&utm_content=karatay-nizamulmulk-anadolu-lisesi&utm_term=karatay,"Merhaba Nizamülmülk Anadolu Lisesi velileri, Teachera Bursluluk Sinavi 2026 basvurulari acildi. Basvuru linki: https://teachera.com.tr/bursluluk-2026?utm_source=youtube&utm_medium=paid_social&utm_campaign=bursluluk_2026_school_coverage&utm_content=karatay-nizamulmulk-anadolu-lisesi&utm_term=karatay","Merhaba Nizamülmülk Anadolu Lisesi velileri. Teachera Bursluluk Sinavi 2026 basvurusu icin link: https://teachera.com.tr/bursluluk-2026?utm_source=youtube&utm_medium=paid_social&utm_campaign=bursluluk_2026_school_coverage&utm_content=karatay-nizamulmulk-anadolu-lisesi&utm_term=karatay
Sorulariniz icin bu numaraya yazabilirsiniz.",,social_dm,,,READY
Orhan Gazi İlkokulu,KARATAY,Konya,outdoor_qr,konya_outdoor,qr,bursluluk_2026_school_coverage,karatay-orhan-gazi-ilkokulu,https://teachera.com.tr/bursluluk-2026?utm_source=konya_outdoor&utm_medium=qr&utm_campaign=bursluluk_2026_school_coverage&utm_content=karatay-orhan-gazi-ilkokulu&utm_term=karatay,"Merhaba Orhan Gazi İlkokulu velileri, Teachera Bursluluk Sinavi 2026 basvurulari acildi. Basvuru linki: https://teachera.com.tr/bursluluk-2026?utm_source=konya_outdoor&utm_medium=qr&utm_campaign=bursluluk_2026_school_coverage&utm_content=karatay-orhan-gazi-ilkokulu&utm_term=karatay","Merhaba Orhan Gazi İlkokulu velileri. Teachera Bursluluk Sinavi 2026 basvurusu icin link: https://teachera.com.tr/bursluluk-2026?utm_source=konya_outdoor&utm_medium=qr&utm_campaign=bursluluk_2026_school_coverage&utm_content=karatay-orhan-gazi-ilkokulu&utm_term=karatay
Sorulariniz icin bu numaraya yazabilirsiniz.",,qr,,,READY
Ovakavağı İlkokulu,KARATAY,Konya,mall_screen,konya_avm,screen,bursluluk_2026_school_coverage,karatay-ovakavagi-ilkokulu,https://teachera.com.tr/bursluluk-2026?utm_source=konya_avm&utm_medium=screen&utm_campaign=bursluluk_2026_school_coverage&utm_content=karatay-ovakavagi-ilkokulu&utm_term=karatay,"Merhaba Ovakavağı İlkokulu velileri, Teachera Bursluluk Sinavi 2026 basvurulari acildi. Basvuru linki: https://teachera.com.tr/bursluluk-2026?utm_source=konya_avm&utm_medium=screen&utm_campaign=bursluluk_2026_school_coverage&utm_content=karatay-ovakavagi-ilkokulu&utm_term=karatay","Merhaba Ovakavağı İlkokulu velileri. Teachera Bursluluk Sinavi 2026 basvurusu icin link: https://teachera.com.tr/bursluluk-2026?utm_source=konya_avm&utm_medium=screen&utm_campaign=bursluluk_2026_school_coverage&utm_content=karatay-ovakavagi-ilkokulu&utm_term=karatay
Sorulariniz icin bu numaraya yazabilirsiniz.",,avm_screen,,,READY
Ovakavağı İmam Hatip Ortaokulu,KARATAY,Konya,social_paid,instagram,paid_social,bursluluk_2026_school_coverage,karatay-ovakavagi-imam-hatip-ortaokulu,https://teachera.com.tr/bursluluk-2026?utm_source=instagram&utm_medium=paid_social&utm_campaign=bursluluk_2026_school_coverage&utm_content=karatay-ovakavagi-imam-hatip-ortaokulu&utm_term=karatay,"Merhaba Ovakavağı İmam Hatip Ortaokulu velileri, Teachera Bursluluk Sinavi 2026 basvurulari acildi. Basvuru linki: https://teachera.com.tr/bursluluk-2026?utm_source=instagram&utm_medium=paid_social&utm_campaign=bursluluk_2026_school_coverage&utm_content=karatay-ovakavagi-imam-hatip-ortaokulu&utm_term=karatay","Merhaba Ovakavağı İmam Hatip Ortaokulu velileri. Teachera Bursluluk Sinavi 2026 basvurusu icin link: https://teachera.com.tr/bursluluk-2026?utm_source=instagram&utm_medium=paid_social&utm_campaign=bursluluk_2026_school_coverage&utm_content=karatay-ovakavagi-imam-hatip-ortaokulu&utm_term=karatay
Sorulariniz icin bu numaraya yazabilirsiniz.",,social_dm,,,READY
Prof. Dr. Fuat Sezgin Ortaokulu,KARATAY,Konya,social_paid,facebook,paid_social,bursluluk_2026_school_coverage,karatay-prof-dr-fuat-sezgin-ortaokulu,https://teachera.com.tr/bursluluk-2026?utm_source=facebook&utm_medium=paid_social&utm_campaign=bursluluk_2026_school_coverage&utm_content=karatay-prof-dr-fuat-sezgin-ortaokulu&utm_term=karatay,"Merhaba Prof. Dr. Fuat Sezgin Ortaokulu velileri, Teachera Bursluluk Sinavi 2026 basvurulari acildi. Basvuru linki: https://teachera.com.tr/bursluluk-2026?utm_source=facebook&utm_medium=paid_social&utm_campaign=bursluluk_2026_school_coverage&utm_content=karatay-prof-dr-fuat-sezgin-ortaokulu&utm_term=karatay","Merhaba Prof. Dr. Fuat Sezgin Ortaokulu velileri. Teachera Bursluluk Sinavi 2026 basvurusu icin link: https://teachera.com.tr/bursluluk-2026?utm_source=facebook&utm_medium=paid_social&utm_campaign=bursluluk_2026_school_coverage&utm_content=karatay-prof-dr-fuat-sezgin-ortaokulu&utm_term=karatay
Sorulariniz icin bu numaraya yazabilirsiniz.",,social_dm,,,READY
Prof.Dr.Ömer Dinçer Kız Anadolu İmam Hatip Lisesi,KARATAY,Konya,social_paid,youtube,paid_social,bursluluk_2026_school_coverage,karatay-prof-dr-omer-dincer-kiz-anadolu-imam-hatip-lisesi,https://teachera.com.tr/bursluluk-2026?utm_source=youtube&utm_medium=paid_social&utm_campaign=bursluluk_2026_school_coverage&utm_content=karatay-prof-dr-omer-dincer-kiz-anadolu-imam-hatip-lisesi&utm_term=karatay,"Merhaba Prof.Dr.Ömer Dinçer Kız Anadolu İmam Hatip Lisesi velileri, Teachera Bursluluk Sinavi 2026 basvurulari acildi. Basvuru linki: https://teachera.com.tr/bursluluk-2026?utm_source=youtube&utm_medium=paid_social&utm_campaign=bursluluk_2026_school_coverage&utm_content=karatay-prof-dr-omer-dincer-kiz-anadolu-imam-hatip-lisesi&utm_term=karatay","Merhaba Prof.Dr.Ömer Dinçer Kız Anadolu İmam Hatip Lisesi velileri. Teachera Bursluluk Sinavi 2026 basvurusu icin link: https://teachera.com.tr/bursluluk-2026?utm_source=youtube&utm_medium=paid_social&utm_campaign=bursluluk_2026_school_coverage&utm_content=karatay-prof-dr-omer-dincer-kiz-anadolu-imam-hatip-lisesi&utm_term=karatay
Sorulariniz icin bu numaraya yazabilirsiniz.",,social_dm,,,READY
Saraçoğlu Ahmet Haşhaş İlkokulu,KARATAY,Konya,outdoor_qr,konya_outdoor,qr,bursluluk_2026_school_coverage,karatay-saracoglu-ahmet-hashas-ilkokulu,https://teachera.com.tr/bursluluk-2026?utm_source=konya_outdoor&utm_medium=qr&utm_campaign=bursluluk_2026_school_coverage&utm_content=karatay-saracoglu-ahmet-hashas-ilkokulu&utm_term=karatay,"Merhaba Saraçoğlu Ahmet Haşhaş İlkokulu velileri, Teachera Bursluluk Sinavi 2026 basvurulari acildi. Basvuru linki: https://teachera.com.tr/bursluluk-2026?utm_source=konya_outdoor&utm_medium=qr&utm_campaign=bursluluk_2026_school_coverage&utm_content=karatay-saracoglu-ahmet-hashas-ilkokulu&utm_term=karatay","Merhaba Saraçoğlu Ahmet Haşhaş İlkokulu velileri. Teachera Bursluluk Sinavi 2026 basvurusu icin link: https://teachera.com.tr/bursluluk-2026?utm_source=konya_outdoor&utm_medium=qr&utm_campaign=bursluluk_2026_school_coverage&utm_content=karatay-saracoglu-ahmet-hashas-ilkokulu&utm_term=karatay
Sorulariniz icin bu numaraya yazabilirsiniz.",,qr,,,READY
Saraçoğlu İmam Hatip Ortaokulu,KARATAY,Konya,mall_screen,konya_avm,screen,bursluluk_2026_school_coverage,karatay-saracoglu-imam-hatip-ortaokulu,https://teachera.com.tr/bursluluk-2026?utm_source=konya_avm&utm_medium=screen&utm_campaign=bursluluk_2026_school_coverage&utm_content=karatay-saracoglu-imam-hatip-ortaokulu&utm_term=karatay,"Merhaba Saraçoğlu İmam Hatip Ortaokulu velileri, Teachera Bursluluk Sinavi 2026 basvurulari acildi. Basvuru linki: https://teachera.com.tr/bursluluk-2026?utm_source=konya_avm&utm_medium=screen&utm_campaign=bursluluk_2026_school_coverage&utm_content=karatay-saracoglu-imam-hatip-ortaokulu&utm_term=karatay","Merhaba Saraçoğlu İmam Hatip Ortaokulu velileri. Teachera Bursluluk Sinavi 2026 basvurusu icin link: https://teachera.com.tr/bursluluk-2026?utm_source=konya_avm&utm_medium=screen&utm_campaign=bursluluk_2026_school_coverage&utm_content=karatay-saracoglu-imam-hatip-ortaokulu&utm_term=karatay
Sorulariniz icin bu numaraya yazabilirsiniz.",,avm_screen,,,READY
Saraçoğlu Toki Mustafa Çetin İlkokulu,KARATAY,Konya,social_paid,instagram,paid_social,bursluluk_2026_school_coverage,karatay-saracoglu-toki-mustafa-cetin-ilkokulu,https://teachera.com.tr/bursluluk-2026?utm_source=instagram&utm_medium=paid_social&utm_campaign=bursluluk_2026_school_coverage&utm_content=karatay-saracoglu-toki-mustafa-cetin-ilkokulu&utm_term=karatay,"Merhaba Saraçoğlu Toki Mustafa Çetin İlkokulu velileri, Teachera Bursluluk Sinavi 2026 basvurulari acildi. Basvuru linki: https://teachera.com.tr/bursluluk-2026?utm_source=instagram&utm_medium=paid_social&utm_campaign=bursluluk_2026_school_coverage&utm_content=karatay-saracoglu-toki-mustafa-cetin-ilkokulu&utm_term=karatay","Merhaba Saraçoğlu Toki Mustafa Çetin İlkokulu velileri. Teachera Bursluluk Sinavi 2026 basvurusu icin link: https://teachera.com.tr/bursluluk-2026?utm_source=instagram&utm_medium=paid_social&utm_campaign=bursluluk_2026_school_coverage&utm_content=karatay-saracoglu-toki-mustafa-cetin-ilkokulu&utm_term=karatay
Sorulariniz icin bu numaraya yazabilirsiniz.",,social_dm,,,READY
Şehit Albay İbrahim Karaoğlanoğlu İmam Hatip Ortaokulu,KARATAY,Konya,social_paid,facebook,paid_social,bursluluk_2026_school_coverage,karatay-sehit-albay-ibrahim-karaoglanoglu-imam-hatip-ortaokulu,https://teachera.com.tr/bursluluk-2026?utm_source=facebook&utm_medium=paid_social&utm_campaign=bursluluk_2026_school_coverage&utm_content=karatay-sehit-albay-ibrahim-karaoglanoglu-imam-hatip-ortaokulu&utm_term=karatay,"Merhaba Şehit Albay İbrahim Karaoğlanoğlu İmam Hatip Ortaokulu velileri, Teachera Bursluluk Sinavi 2026 basvurulari acildi. Basvuru linki: https://teachera.com.tr/bursluluk-2026?utm_source=facebook&utm_medium=paid_social&utm_campaign=bursluluk_2026_school_coverage&utm_content=karatay-sehit-albay-ibrahim-karaoglanoglu-imam-hatip-ortaokulu&utm_term=karatay","Merhaba Şehit Albay İbrahim Karaoğlanoğlu İmam Hatip Ortaokulu velileri. Teachera Bursluluk Sinavi 2026 basvurusu icin link: https://teachera.com.tr/bursluluk-2026?utm_source=facebook&utm_medium=paid_social&utm_campaign=bursluluk_2026_school_coverage&utm_content=karatay-sehit-albay-ibrahim-karaoglanoglu-imam-hatip-ortaokulu&utm_term=karatay
Sorulariniz icin bu numaraya yazabilirsiniz.",,social_dm,,,READY
Şehit Azam Güdendede Anadolu Lisesi,KARATAY,Konya,social_paid,youtube,paid_social,bursluluk_2026_school_coverage,karatay-sehit-azam-gudendede-anadolu-lisesi,https://teachera.com.tr/bursluluk-2026?utm_source=youtube&utm_medium=paid_social&utm_campaign=bursluluk_2026_school_coverage&utm_content=karatay-sehit-azam-gudendede-anadolu-lisesi&utm_term=karatay,"Merhaba Şehit Azam Güdendede Anadolu Lisesi velileri, Teachera Bursluluk Sinavi 2026 basvurulari acildi. Basvuru linki: https://teachera.com.tr/bursluluk-2026?utm_source=youtube&utm_medium=paid_social&utm_campaign=bursluluk_2026_school_coverage&utm_content=karatay-sehit-azam-gudendede-anadolu-lisesi&utm_term=karatay","Merhaba Şehit Azam Güdendede Anadolu Lisesi velileri. Teachera Bursluluk Sinavi 2026 basvurusu icin link: https://teachera.com.tr/bursluluk-2026?utm_source=youtube&utm_medium=paid_social&utm_campaign=bursluluk_2026_school_coverage&utm_content=karatay-sehit-azam-gudendede-anadolu-lisesi&utm_term=karatay
Sorulariniz icin bu numaraya yazabilirsiniz.",,social_dm,,,READY
Şehit Erol Olçok İlkokulu,KARATAY,Konya,outdoor_qr,konya_outdoor,qr,bursluluk_2026_school_coverage,karatay-sehit-erol-olcok-ilkokulu,https://teachera.com.tr/bursluluk-2026?utm_source=konya_outdoor&utm_medium=qr&utm_campaign=bursluluk_2026_school_coverage&utm_content=karatay-sehit-erol-olcok-ilkokulu&utm_term=karatay,"Merhaba Şehit Erol Olçok İlkokulu velileri, Teachera Bursluluk Sinavi 2026 basvurulari acildi. Basvuru linki: https://teachera.com.tr/bursluluk-2026?utm_source=konya_outdoor&utm_medium=qr&utm_campaign=bursluluk_2026_school_coverage&utm_content=karatay-sehit-erol-olcok-ilkokulu&utm_term=karatay","Merhaba Şehit Erol Olçok İlkokulu velileri. Teachera Bursluluk Sinavi 2026 basvurusu icin link: https://teachera.com.tr/bursluluk-2026?utm_source=konya_outdoor&utm_medium=qr&utm_campaign=bursluluk_2026_school_coverage&utm_content=karatay-sehit-erol-olcok-ilkokulu&utm_term=karatay
Sorulariniz icin bu numaraya yazabilirsiniz.",,qr,,,READY
Şehit Sadık Ortaokulu,KARATAY,Konya,mall_screen,konya_avm,screen,bursluluk_2026_school_coverage,karatay-sehit-sadik-ortaokulu,https://teachera.com.tr/bursluluk-2026?utm_source=konya_avm&utm_medium=screen&utm_campaign=bursluluk_2026_school_coverage&utm_content=karatay-sehit-sadik-ortaokulu&utm_term=karatay,"Merhaba Şehit Sadık Ortaokulu velileri, Teachera Bursluluk Sinavi 2026 basvurulari acildi. Basvuru linki: https://teachera.com.tr/bursluluk-2026?utm_source=konya_avm&utm_medium=screen&utm_campaign=bursluluk_2026_school_coverage&utm_content=karatay-sehit-sadik-ortaokulu&utm_term=karatay","Merhaba Şehit Sadık Ortaokulu velileri. Teachera Bursluluk Sinavi 2026 basvurusu icin link: https://teachera.com.tr/bursluluk-2026?utm_source=konya_avm&utm_medium=screen&utm_campaign=bursluluk_2026_school_coverage&utm_content=karatay-sehit-sadik-ortaokulu&utm_term=karatay
Sorulariniz icin bu numaraya yazabilirsiniz.",,avm_screen,,,READY
ŞEHİT ÜSTEĞMEN MEHMET DÜZENLİ İMAM HATİP ORTAOKULU,KARATAY,Konya,social_paid,instagram,paid_social,bursluluk_2026_school_coverage,karatay-sehit-ustegmen-mehmet-duzenli-imam-hatip-ortaokulu,https://teachera.com.tr/bursluluk-2026?utm_source=instagram&utm_medium=paid_social&utm_campaign=bursluluk_2026_school_coverage&utm_content=karatay-sehit-ustegmen-mehmet-duzenli-imam-hatip-ortaokulu&utm_term=karatay,"Merhaba ŞEHİT ÜSTEĞMEN MEHMET DÜZENLİ İMAM HATİP ORTAOKULU velileri, Teachera Bursluluk Sinavi 2026 basvurulari acildi. Basvuru linki: https://teachera.com.tr/bursluluk-2026?utm_source=instagram&utm_medium=paid_social&utm_campaign=bursluluk_2026_school_coverage&utm_content=karatay-sehit-ustegmen-mehmet-duzenli-imam-hatip-ortaokulu&utm_term=karatay","Merhaba ŞEHİT ÜSTEĞMEN MEHMET DÜZENLİ İMAM HATİP ORTAOKULU velileri. Teachera Bursluluk Sinavi 2026 basvurusu icin link: https://teachera.com.tr/bursluluk-2026?utm_source=instagram&utm_medium=paid_social&utm_campaign=bursluluk_2026_school_coverage&utm_content=karatay-sehit-ustegmen-mehmet-duzenli-imam-hatip-ortaokulu&utm_term=karatay
Sorulariniz icin bu numaraya yazabilirsiniz.",,social_dm,,,READY
Şekibe Aksoy İlkokulu,KARATAY,Konya,social_paid,facebook,paid_social,bursluluk_2026_school_coverage,karatay-sekibe-aksoy-ilkokulu,https://teachera.com.tr/bursluluk-2026?utm_source=facebook&utm_medium=paid_social&utm_campaign=bursluluk_2026_school_coverage&utm_content=karatay-sekibe-aksoy-ilkokulu&utm_term=karatay,"Merhaba Şekibe Aksoy İlkokulu velileri, Teachera Bursluluk Sinavi 2026 basvurulari acildi. Basvuru linki: https://teachera.com.tr/bursluluk-2026?utm_source=facebook&utm_medium=paid_social&utm_campaign=bursluluk_2026_school_coverage&utm_content=karatay-sekibe-aksoy-ilkokulu&utm_term=karatay","Merhaba Şekibe Aksoy İlkokulu velileri. Teachera Bursluluk Sinavi 2026 basvurusu icin link: https://teachera.com.tr/bursluluk-2026?utm_source=facebook&utm_medium=paid_social&utm_campaign=bursluluk_2026_school_coverage&utm_content=karatay-sekibe-aksoy-ilkokulu&utm_term=karatay
Sorulariniz icin bu numaraya yazabilirsiniz.",,social_dm,,,READY
Sezai Karakoç İmam Hatip Ortaokulu,KARATAY,Konya,social_paid,youtube,paid_social,bursluluk_2026_school_coverage,karatay-sezai-karakoc-imam-hatip-ortaokulu,https://teachera.com.tr/bursluluk-2026?utm_source=youtube&utm_medium=paid_social&utm_campaign=bursluluk_2026_school_coverage&utm_content=karatay-sezai-karakoc-imam-hatip-ortaokulu&utm_term=karatay,"Merhaba Sezai Karakoç İmam Hatip Ortaokulu velileri, Teachera Bursluluk Sinavi 2026 basvurulari acildi. Basvuru linki: https://teachera.com.tr/bursluluk-2026?utm_source=youtube&utm_medium=paid_social&utm_campaign=bursluluk_2026_school_coverage&utm_content=karatay-sezai-karakoc-imam-hatip-ortaokulu&utm_term=karatay","Merhaba Sezai Karakoç İmam Hatip Ortaokulu velileri. Teachera Bursluluk Sinavi 2026 basvurusu icin link: https://teachera.com.tr/bursluluk-2026?utm_source=youtube&utm_medium=paid_social&utm_campaign=bursluluk_2026_school_coverage&utm_content=karatay-sezai-karakoc-imam-hatip-ortaokulu&utm_term=karatay
Sorulariniz icin bu numaraya yazabilirsiniz.",,social_dm,,,READY
Süleyman Şah Anadolu Lisesi,KARATAY,Konya,outdoor_qr,konya_outdoor,qr,bursluluk_2026_school_coverage,karatay-suleyman-sah-anadolu-lisesi,https://teachera.com.tr/bursluluk-2026?utm_source=konya_outdoor&utm_medium=qr&utm_campaign=bursluluk_2026_school_coverage&utm_content=karatay-suleyman-sah-anadolu-lisesi&utm_term=karatay,"Merhaba Süleyman Şah Anadolu Lisesi velileri, Teachera Bursluluk Sinavi 2026 basvurulari acildi. Basvuru linki: https://teachera.com.tr/bursluluk-2026?utm_source=konya_outdoor&utm_medium=qr&utm_campaign=bursluluk_2026_school_coverage&utm_content=karatay-suleyman-sah-anadolu-lisesi&utm_term=karatay","Merhaba Süleyman Şah Anadolu Lisesi velileri. Teachera Bursluluk Sinavi 2026 basvurusu icin link: https://teachera.com.tr/bursluluk-2026?utm_source=konya_outdoor&utm_medium=qr&utm_campaign=bursluluk_2026_school_coverage&utm_content=karatay-suleyman-sah-anadolu-lisesi&utm_term=karatay
Sorulariniz icin bu numaraya yazabilirsiniz.",,qr,,,READY
Sultan Alparslan İmam Hatip Ortaokulu,KARATAY,Konya,mall_screen,konya_avm,screen,bursluluk_2026_school_coverage,karatay-sultan-alparslan-imam-hatip-ortaokulu,https://teachera.com.tr/bursluluk-2026?utm_source=konya_avm&utm_medium=screen&utm_campaign=bursluluk_2026_school_coverage&utm_content=karatay-sultan-alparslan-imam-hatip-ortaokulu&utm_term=karatay,"Merhaba Sultan Alparslan İmam Hatip Ortaokulu velileri, Teachera Bursluluk Sinavi 2026 basvurulari acildi. Basvuru linki: https://teachera.com.tr/bursluluk-2026?utm_source=konya_avm&utm_medium=screen&utm_campaign=bursluluk_2026_school_coverage&utm_content=karatay-sultan-alparslan-imam-hatip-ortaokulu&utm_term=karatay","Merhaba Sultan Alparslan İmam Hatip Ortaokulu velileri. Teachera Bursluluk Sinavi 2026 basvurusu icin link: https://teachera.com.tr/bursluluk-2026?utm_source=konya_avm&utm_medium=screen&utm_campaign=bursluluk_2026_school_coverage&utm_content=karatay-sultan-alparslan-imam-hatip-ortaokulu&utm_term=karatay
Sorulariniz icin bu numaraya yazabilirsiniz.",,avm_screen,,,READY
Tatlıcak Ortaokulu,KARATAY,Konya,social_paid,instagram,paid_social,bursluluk_2026_school_coverage,karatay-tatlicak-ortaokulu,https://teachera.com.tr/bursluluk-2026?utm_source=instagram&utm_medium=paid_social&utm_campaign=bursluluk_2026_school_coverage&utm_content=karatay-tatlicak-ortaokulu&utm_term=karatay,"Merhaba Tatlıcak Ortaokulu velileri, Teachera Bursluluk Sinavi 2026 basvurulari acildi. Basvuru linki: https://teachera.com.tr/bursluluk-2026?utm_source=instagram&utm_medium=paid_social&utm_campaign=bursluluk_2026_school_coverage&utm_content=karatay-tatlicak-ortaokulu&utm_term=karatay","Merhaba Tatlıcak Ortaokulu velileri. Teachera Bursluluk Sinavi 2026 basvurusu icin link: https://teachera.com.tr/bursluluk-2026?utm_source=instagram&utm_medium=paid_social&utm_campaign=bursluluk_2026_school_coverage&utm_content=karatay-tatlicak-ortaokulu&utm_term=karatay
Sorulariniz icin bu numaraya yazabilirsiniz.",,social_dm,,,READY
Türk Anadolu Vakfı Hafız Kız Anadolu İmam Hatip Lisesi,KARATAY,Konya,social_paid,facebook,paid_social,bursluluk_2026_school_coverage,karatay-turk-anadolu-vakfi-hafiz-kiz-anadolu-imam-hatip-lisesi,https://teachera.com.tr/bursluluk-2026?utm_source=facebook&utm_medium=paid_social&utm_campaign=bursluluk_2026_school_coverage&utm_content=karatay-turk-anadolu-vakfi-hafiz-kiz-anadolu-imam-hatip-lisesi&utm_term=karatay,"Merhaba Türk Anadolu Vakfı Hafız Kız Anadolu İmam Hatip Lisesi velileri, Teachera Bursluluk Sinavi 2026 basvurulari acildi. Basvuru linki: https://teachera.com.tr/bursluluk-2026?utm_source=facebook&utm_medium=paid_social&utm_campaign=bursluluk_2026_school_coverage&utm_content=karatay-turk-anadolu-vakfi-hafiz-kiz-anadolu-imam-hatip-lisesi&utm_term=karatay","Merhaba Türk Anadolu Vakfı Hafız Kız Anadolu İmam Hatip Lisesi velileri. Teachera Bursluluk Sinavi 2026 basvurusu icin link: https://teachera.com.tr/bursluluk-2026?utm_source=facebook&utm_medium=paid_social&utm_campaign=bursluluk_2026_school_coverage&utm_content=karatay-turk-anadolu-vakfi-hafiz-kiz-anadolu-imam-hatip-lisesi&utm_term=karatay
Sorulariniz icin bu numaraya yazabilirsiniz.",,social_dm,,,READY
Ulubatlı Hasan İmam Hatip Ortaokulu,KARATAY,Konya,social_paid,youtube,paid_social,bursluluk_2026_school_coverage,karatay-ulubatli-hasan-imam-hatip-ortaokulu,https://teachera.com.tr/bursluluk-2026?utm_source=youtube&utm_medium=paid_social&utm_campaign=bursluluk_2026_school_coverage&utm_content=karatay-ulubatli-hasan-imam-hatip-ortaokulu&utm_term=karatay,"Merhaba Ulubatlı Hasan İmam Hatip Ortaokulu velileri, Teachera Bursluluk Sinavi 2026 basvurulari acildi. Basvuru linki: https://teachera.com.tr/bursluluk-2026?utm_source=youtube&utm_medium=paid_social&utm_campaign=bursluluk_2026_school_coverage&utm_content=karatay-ulubatli-hasan-imam-hatip-ortaokulu&utm_term=karatay","Merhaba Ulubatlı Hasan İmam Hatip Ortaokulu velileri. Teachera Bursluluk Sinavi 2026 basvurusu icin link: https://teachera.com.tr/bursluluk-2026?utm_source=youtube&utm_medium=paid_social&utm_campaign=bursluluk_2026_school_coverage&utm_content=karatay-ulubatli-hasan-imam-hatip-ortaokulu&utm_term=karatay
Sorulariniz icin bu numaraya yazabilirsiniz.",,social_dm,,,READY
Uluırmak Hürriyet İmam Hatip Ortaokulu,KARATAY,Konya,outdoor_qr,konya_outdoor,qr,bursluluk_2026_school_coverage,karatay-uluirmak-hurriyet-imam-hatip-ortaokulu,https://teachera.com.tr/bursluluk-2026?utm_source=konya_outdoor&utm_medium=qr&utm_campaign=bursluluk_2026_school_coverage&utm_content=karatay-uluirmak-hurriyet-imam-hatip-ortaokulu&utm_term=karatay,"Merhaba Uluırmak Hürriyet İmam Hatip Ortaokulu velileri, Teachera Bursluluk Sinavi 2026 basvurulari acildi. Basvuru linki: https://teachera.com.tr/bursluluk-2026?utm_source=konya_outdoor&utm_medium=qr&utm_campaign=bursluluk_2026_school_coverage&utm_content=karatay-uluirmak-hurriyet-imam-hatip-ortaokulu&utm_term=karatay","Merhaba Uluırmak Hürriyet İmam Hatip Ortaokulu velileri. Teachera Bursluluk Sinavi 2026 basvurusu icin link: https://teachera.com.tr/bursluluk-2026?utm_source=konya_outdoor&utm_medium=qr&utm_campaign=bursluluk_2026_school_coverage&utm_content=karatay-uluirmak-hurriyet-imam-hatip-ortaokulu&utm_term=karatay
Sorulariniz icin bu numaraya yazabilirsiniz.",,qr,,,READY
VALİ KEMAL KATITAŞ İLKOKULU,KARATAY,Konya,mall_screen,konya_avm,screen,bursluluk_2026_school_coverage,karatay-vali-kemal-katitas-ilkokulu,https://teachera.com.tr/bursluluk-2026?utm_source=konya_avm&utm_medium=screen&utm_campaign=bursluluk_2026_school_coverage&utm_content=karatay-vali-kemal-katitas-ilkokulu&utm_term=karatay,"Merhaba VALİ KEMAL KATITAŞ İLKOKULU velileri, Teachera Bursluluk Sinavi 2026 basvurulari acildi. Basvuru linki: https://teachera.com.tr/bursluluk-2026?utm_source=konya_avm&utm_medium=screen&utm_campaign=bursluluk_2026_school_coverage&utm_content=karatay-vali-kemal-katitas-ilkokulu&utm_term=karatay","Merhaba VALİ KEMAL KATITAŞ İLKOKULU velileri. Teachera Bursluluk Sinavi 2026 basvurusu icin link: https://teachera.com.tr/bursluluk-2026?utm_source=konya_avm&utm_medium=screen&utm_campaign=bursluluk_2026_school_coverage&utm_content=karatay-vali-kemal-katitas-ilkokulu&utm_term=karatay
Sorulariniz icin bu numaraya yazabilirsiniz.",,avm_screen,,,READY
Yağlıbayat Ortaokulu,KARATAY,Konya,social_paid,instagram,paid_social,bursluluk_2026_school_coverage,karatay-yaglibayat-ortaokulu,https://teachera.com.tr/bursluluk-2026?utm_source=instagram&utm_medium=paid_social&utm_campaign=bursluluk_2026_school_coverage&utm_content=karatay-yaglibayat-ortaokulu&utm_term=karatay,"Merhaba Yağlıbayat Ortaokulu velileri, Teachera Bursluluk Sinavi 2026 basvurulari acildi. Basvuru linki: https://teachera.com.tr/bursluluk-2026?utm_source=instagram&utm_medium=paid_social&utm_campaign=bursluluk_2026_school_coverage&utm_content=karatay-yaglibayat-ortaokulu&utm_term=karatay","Merhaba Yağlıbayat Ortaokulu velileri. Teachera Bursluluk Sinavi 2026 basvurusu icin link: https://teachera.com.tr/bursluluk-2026?utm_source=instagram&utm_medium=paid_social&utm_campaign=bursluluk_2026_school_coverage&utm_content=karatay-yaglibayat-ortaokulu&utm_term=karatay
Sorulariniz icin bu numaraya yazabilirsiniz.",,social_dm,,,READY
Yarma İlkokulu,KARATAY,Konya,social_paid,facebook,paid_social,bursluluk_2026_school_coverage,karatay-yarma-ilkokulu,https://teachera.com.tr/bursluluk-2026?utm_source=facebook&utm_medium=paid_social&utm_campaign=bursluluk_2026_school_coverage&utm_content=karatay-yarma-ilkokulu&utm_term=karatay,"Merhaba Yarma İlkokulu velileri, Teachera Bursluluk Sinavi 2026 basvurulari acildi. Basvuru linki: https://teachera.com.tr/bursluluk-2026?utm_source=facebook&utm_medium=paid_social&utm_campaign=bursluluk_2026_school_coverage&utm_content=karatay-yarma-ilkokulu&utm_term=karatay","Merhaba Yarma İlkokulu velileri. Teachera Bursluluk Sinavi 2026 basvurusu icin link: https://teachera.com.tr/bursluluk-2026?utm_source=facebook&utm_medium=paid_social&utm_campaign=bursluluk_2026_school_coverage&utm_content=karatay-yarma-ilkokulu&utm_term=karatay
Sorulariniz icin bu numaraya yazabilirsiniz.",,social_dm,,,READY
Yarma Ortaokulu,KARATAY,Konya,social_paid,youtube,paid_social,bursluluk_2026_school_coverage,karatay-yarma-ortaokulu,https://teachera.com.tr/bursluluk-2026?utm_source=youtube&utm_medium=paid_social&utm_campaign=bursluluk_2026_school_coverage&utm_content=karatay-yarma-ortaokulu&utm_term=karatay,"Merhaba Yarma Ortaokulu velileri, Teachera Bursluluk Sinavi 2026 basvurulari acildi. Basvuru linki: https://teachera.com.tr/bursluluk-2026?utm_source=youtube&utm_medium=paid_social&utm_campaign=bursluluk_2026_school_coverage&utm_content=karatay-yarma-ortaokulu&utm_term=karatay","Merhaba Yarma Ortaokulu velileri. Teachera Bursluluk Sinavi 2026 basvurusu icin link: https://teachera.com.tr/bursluluk-2026?utm_source=youtube&utm_medium=paid_social&utm_campaign=bursluluk_2026_school_coverage&utm_content=karatay-yarma-ortaokulu&utm_term=karatay
Sorulariniz icin bu numaraya yazabilirsiniz.",,social_dm,,,READY
Yaşar Doğu Ortaokulu,KARATAY,Konya,outdoor_qr,konya_outdoor,qr,bursluluk_2026_school_coverage,karatay-yasar-dogu-ortaokulu,https://teachera.com.tr/bursluluk-2026?utm_source=konya_outdoor&utm_medium=qr&utm_campaign=bursluluk_2026_school_coverage&utm_content=karatay-yasar-dogu-ortaokulu&utm_term=karatay,"Merhaba Yaşar Doğu Ortaokulu velileri, Teachera Bursluluk Sinavi 2026 basvurulari acildi. Basvuru linki: https://teachera.com.tr/bursluluk-2026?utm_source=konya_outdoor&utm_medium=qr&utm_campaign=bursluluk_2026_school_coverage&utm_content=karatay-yasar-dogu-ortaokulu&utm_term=karatay","Merhaba Yaşar Doğu Ortaokulu velileri. Teachera Bursluluk Sinavi 2026 basvurusu icin link: https://teachera.com.tr/bursluluk-2026?utm_source=konya_outdoor&utm_medium=qr&utm_campaign=bursluluk_2026_school_coverage&utm_content=karatay-yasar-dogu-ortaokulu&utm_term=karatay
Sorulariniz icin bu numaraya yazabilirsiniz.",,qr,,,READY
Yavuz Selim İlkokulu,KARATAY,Konya,mall_screen,konya_avm,screen,bursluluk_2026_school_coverage,karatay-yavuz-selim-ilkokulu,https://teachera.com.tr/bursluluk-2026?utm_source=konya_avm&utm_medium=screen&utm_campaign=bursluluk_2026_school_coverage&utm_content=karatay-yavuz-selim-ilkokulu&utm_term=karatay,"Merhaba Yavuz Selim İlkokulu velileri, Teachera Bursluluk Sinavi 2026 basvurulari acildi. Basvuru linki: https://teachera.com.tr/bursluluk-2026?utm_source=konya_avm&utm_medium=screen&utm_campaign=bursluluk_2026_school_coverage&utm_content=karatay-yavuz-selim-ilkokulu&utm_term=karatay","Merhaba Yavuz Selim İlkokulu velileri. Teachera Bursluluk Sinavi 2026 basvurusu icin link: https://teachera.com.tr/bursluluk-2026?utm_source=konya_avm&utm_medium=screen&utm_campaign=bursluluk_2026_school_coverage&utm_content=karatay-yavuz-selim-ilkokulu&utm_term=karatay
Sorulariniz icin bu numaraya yazabilirsiniz.",,avm_screen,,,READY
Yenikent İlkokulu,KARATAY,Konya,social_paid,instagram,paid_social,bursluluk_2026_school_coverage,karatay-yenikent-ilkokulu,https://teachera.com.tr/bursluluk-2026?utm_source=instagram&utm_medium=paid_social&utm_campaign=bursluluk_2026_school_coverage&utm_content=karatay-yenikent-ilkokulu&utm_term=karatay,"Merhaba Yenikent İlkokulu velileri, Teachera Bursluluk Sinavi 2026 basvurulari acildi. Basvuru linki: https://teachera.com.tr/bursluluk-2026?utm_source=instagram&utm_medium=paid_social&utm_campaign=bursluluk_2026_school_coverage&utm_content=karatay-yenikent-ilkokulu&utm_term=karatay","Merhaba Yenikent İlkokulu velileri. Teachera Bursluluk Sinavi 2026 basvurusu icin link: https://teachera.com.tr/bursluluk-2026?utm_source=instagram&utm_medium=paid_social&utm_campaign=bursluluk_2026_school_coverage&utm_content=karatay-yenikent-ilkokulu&utm_term=karatay
Sorulariniz icin bu numaraya yazabilirsiniz.",,social_dm,,,READY
YENİKENT ORTAOKULU,KARATAY,Konya,social_paid,facebook,paid_social,bursluluk_2026_school_coverage,karatay-yenikent-ortaokulu,https://teachera.com.tr/bursluluk-2026?utm_source=facebook&utm_medium=paid_social&utm_campaign=bursluluk_2026_school_coverage&utm_content=karatay-yenikent-ortaokulu&utm_term=karatay,"Merhaba YENİKENT ORTAOKULU velileri, Teachera Bursluluk Sinavi 2026 basvurulari acildi. Basvuru linki: https://teachera.com.tr/bursluluk-2026?utm_source=facebook&utm_medium=paid_social&utm_campaign=bursluluk_2026_school_coverage&utm_content=karatay-yenikent-ortaokulu&utm_term=karatay","Merhaba YENİKENT ORTAOKULU velileri. Teachera Bursluluk Sinavi 2026 basvurusu icin link: https://teachera.com.tr/bursluluk-2026?utm_source=facebook&utm_medium=paid_social&utm_campaign=bursluluk_2026_school_coverage&utm_content=karatay-yenikent-ortaokulu&utm_term=karatay
Sorulariniz icin bu numaraya yazabilirsiniz.",,social_dm,,,READY
Yusuf Gül İlkokulu,KARATAY,Konya,social_paid,youtube,paid_social,bursluluk_2026_school_coverage,karatay-yusuf-gul-ilkokulu,https://teachera.com.tr/bursluluk-2026?utm_source=youtube&utm_medium=paid_social&utm_campaign=bursluluk_2026_school_coverage&utm_content=karatay-yusuf-gul-ilkokulu&utm_term=karatay,"Merhaba Yusuf Gül İlkokulu velileri, Teachera Bursluluk Sinavi 2026 basvurulari acildi. Basvuru linki: https://teachera.com.tr/bursluluk-2026?utm_source=youtube&utm_medium=paid_social&utm_campaign=bursluluk_2026_school_coverage&utm_content=karatay-yusuf-gul-ilkokulu&utm_term=karatay","Merhaba Yusuf Gül İlkokulu velileri. Teachera Bursluluk Sinavi 2026 basvurusu icin link: https://teachera.com.tr/bursluluk-2026?utm_source=youtube&utm_medium=paid_social&utm_campaign=bursluluk_2026_school_coverage&utm_content=karatay-yusuf-gul-ilkokulu&utm_term=karatay
Sorulariniz icin bu numaraya yazabilirsiniz.",,social_dm,,,READY
Zeliha Seymen İlkokulu,KARATAY,Konya,outdoor_qr,konya_outdoor,qr,bursluluk_2026_school_coverage,karatay-zeliha-seymen-ilkokulu,https://teachera.com.tr/bursluluk-2026?utm_source=konya_outdoor&utm_medium=qr&utm_campaign=bursluluk_2026_school_coverage&utm_content=karatay-zeliha-seymen-ilkokulu&utm_term=karatay,"Merhaba Zeliha Seymen İlkokulu velileri, Teachera Bursluluk Sinavi 2026 basvurulari acildi. Basvuru linki: https://teachera.com.tr/bursluluk-2026?utm_source=konya_outdoor&utm_medium=qr&utm_campaign=bursluluk_2026_school_coverage&utm_content=karatay-zeliha-seymen-ilkokulu&utm_term=karatay","Merhaba Zeliha Seymen İlkokulu velileri. Teachera Bursluluk Sinavi 2026 basvurusu icin link: https://teachera.com.tr/bursluluk-2026?utm_source=konya_outdoor&utm_medium=qr&utm_campaign=bursluluk_2026_school_coverage&utm_content=karatay-zeliha-seymen-ilkokulu&utm_term=karatay
Sorulariniz icin bu numaraya yazabilirsiniz.",,qr,,,READY
15 Temmuz Milli Birlik İlkokulu,MERAM,Konya,mall_screen,konya_avm,screen,bursluluk_2026_school_coverage,meram-15-temmuz-milli-birlik-ilkokulu,https://teachera.com.tr/bursluluk-2026?utm_source=konya_avm&utm_medium=screen&utm_campaign=bursluluk_2026_school_coverage&utm_content=meram-15-temmuz-milli-birlik-ilkokulu&utm_term=meram,"Merhaba 15 Temmuz Milli Birlik İlkokulu velileri, Teachera Bursluluk Sinavi 2026 basvurulari acildi. Basvuru linki: https://teachera.com.tr/bursluluk-2026?utm_source=konya_avm&utm_medium=screen&utm_campaign=bursluluk_2026_school_coverage&utm_content=meram-15-temmuz-milli-birlik-ilkokulu&utm_term=meram","Merhaba 15 Temmuz Milli Birlik İlkokulu velileri. Teachera Bursluluk Sinavi 2026 basvurusu icin link: https://teachera.com.tr/bursluluk-2026?utm_source=konya_avm&utm_medium=screen&utm_campaign=bursluluk_2026_school_coverage&utm_content=meram-15-temmuz-milli-birlik-ilkokulu&utm_term=meram
Sorulariniz icin bu numaraya yazabilirsiniz.",,avm_screen,,,READY
15 Temmuz Şehitleri İlkokulu,MERAM,Konya,social_paid,instagram,paid_social,bursluluk_2026_school_coverage,meram-15-temmuz-sehitleri-ilkokulu,https://teachera.com.tr/bursluluk-2026?utm_source=instagram&utm_medium=paid_social&utm_campaign=bursluluk_2026_school_coverage&utm_content=meram-15-temmuz-sehitleri-ilkokulu&utm_term=meram,"Merhaba 15 Temmuz Şehitleri İlkokulu velileri, Teachera Bursluluk Sinavi 2026 basvurulari acildi. Basvuru linki: https://teachera.com.tr/bursluluk-2026?utm_source=instagram&utm_medium=paid_social&utm_campaign=bursluluk_2026_school_coverage&utm_content=meram-15-temmuz-sehitleri-ilkokulu&utm_term=meram","Merhaba 15 Temmuz Şehitleri İlkokulu velileri. Teachera Bursluluk Sinavi 2026 basvurusu icin link: https://teachera.com.tr/bursluluk-2026?utm_source=instagram&utm_medium=paid_social&utm_campaign=bursluluk_2026_school_coverage&utm_content=meram-15-temmuz-sehitleri-ilkokulu&utm_term=meram
Sorulariniz icin bu numaraya yazabilirsiniz.",,social_dm,,,READY
24 Kasım İlkokulu,MERAM,Konya,social_paid,facebook,paid_social,bursluluk_2026_school_coverage,meram-24-kasim-ilkokulu,https://teachera.com.tr/bursluluk-2026?utm_source=facebook&utm_medium=paid_social&utm_campaign=bursluluk_2026_school_coverage&utm_content=meram-24-kasim-ilkokulu&utm_term=meram,"Merhaba 24 Kasım İlkokulu velileri, Teachera Bursluluk Sinavi 2026 basvurulari acildi. Basvuru linki: https://teachera.com.tr/bursluluk-2026?utm_source=facebook&utm_medium=paid_social&utm_campaign=bursluluk_2026_school_coverage&utm_content=meram-24-kasim-ilkokulu&utm_term=meram","Merhaba 24 Kasım İlkokulu velileri. Teachera Bursluluk Sinavi 2026 basvurusu icin link: https://teachera.com.tr/bursluluk-2026?utm_source=facebook&utm_medium=paid_social&utm_campaign=bursluluk_2026_school_coverage&utm_content=meram-24-kasim-ilkokulu&utm_term=meram
Sorulariniz icin bu numaraya yazabilirsiniz.",,social_dm,,,READY
Abdussamet Fazilet Kuzucu İlkokulu,MERAM,Konya,social_paid,youtube,paid_social,bursluluk_2026_school_coverage,meram-abdussamet-fazilet-kuzucu-ilkokulu,https://teachera.com.tr/bursluluk-2026?utm_source=youtube&utm_medium=paid_social&utm_campaign=bursluluk_2026_school_coverage&utm_content=meram-abdussamet-fazilet-kuzucu-ilkokulu&utm_term=meram,"Merhaba Abdussamet Fazilet Kuzucu İlkokulu velileri, Teachera Bursluluk Sinavi 2026 basvurulari acildi. Basvuru linki: https://teachera.com.tr/bursluluk-2026?utm_source=youtube&utm_medium=paid_social&utm_campaign=bursluluk_2026_school_coverage&utm_content=meram-abdussamet-fazilet-kuzucu-ilkokulu&utm_term=meram","Merhaba Abdussamet Fazilet Kuzucu İlkokulu velileri. Teachera Bursluluk Sinavi 2026 basvurusu icin link: https://teachera.com.tr/bursluluk-2026?utm_source=youtube&utm_medium=paid_social&utm_campaign=bursluluk_2026_school_coverage&utm_content=meram-abdussamet-fazilet-kuzucu-ilkokulu&utm_term=meram
Sorulariniz icin bu numaraya yazabilirsiniz.",,social_dm,,,READY
Ahmet Azmi-Makbule Elberk İlkokulu,MERAM,Konya,outdoor_qr,konya_outdoor,qr,bursluluk_2026_school_coverage,meram-ahmet-azmi-makbule-elberk-ilkokulu,https://teachera.com.tr/bursluluk-2026?utm_source=konya_outdoor&utm_medium=qr&utm_campaign=bursluluk_2026_school_coverage&utm_content=meram-ahmet-azmi-makbule-elberk-ilkokulu&utm_term=meram,"Merhaba Ahmet Azmi-Makbule Elberk İlkokulu velileri, Teachera Bursluluk Sinavi 2026 basvurulari acildi. Basvuru linki: https://teachera.com.tr/bursluluk-2026?utm_source=konya_outdoor&utm_medium=qr&utm_campaign=bursluluk_2026_school_coverage&utm_content=meram-ahmet-azmi-makbule-elberk-ilkokulu&utm_term=meram","Merhaba Ahmet Azmi-Makbule Elberk İlkokulu velileri. Teachera Bursluluk Sinavi 2026 basvurusu icin link: https://teachera.com.tr/bursluluk-2026?utm_source=konya_outdoor&utm_medium=qr&utm_campaign=bursluluk_2026_school_coverage&utm_content=meram-ahmet-azmi-makbule-elberk-ilkokulu&utm_term=meram
Sorulariniz icin bu numaraya yazabilirsiniz.",,qr,,,READY
Ahmet Naci Gücüyener İlkokulu,MERAM,Konya,mall_screen,konya_avm,screen,bursluluk_2026_school_coverage,meram-ahmet-naci-gucuyener-ilkokulu,https://teachera.com.tr/bursluluk-2026?utm_source=konya_avm&utm_medium=screen&utm_campaign=bursluluk_2026_school_coverage&utm_content=meram-ahmet-naci-gucuyener-ilkokulu&utm_term=meram,"Merhaba Ahmet Naci Gücüyener İlkokulu velileri, Teachera Bursluluk Sinavi 2026 basvurulari acildi. Basvuru linki: https://teachera.com.tr/bursluluk-2026?utm_source=konya_avm&utm_medium=screen&utm_campaign=bursluluk_2026_school_coverage&utm_content=meram-ahmet-naci-gucuyener-ilkokulu&utm_term=meram","Merhaba Ahmet Naci Gücüyener İlkokulu velileri. Teachera Bursluluk Sinavi 2026 basvurusu icin link: https://teachera.com.tr/bursluluk-2026?utm_source=konya_avm&utm_medium=screen&utm_campaign=bursluluk_2026_school_coverage&utm_content=meram-ahmet-naci-gucuyener-ilkokulu&utm_term=meram
Sorulariniz icin bu numaraya yazabilirsiniz.",,avm_screen,,,READY
Ahmet Tevfik İleri İmam Hatip Ortaokulu,MERAM,Konya,social_paid,instagram,paid_social,bursluluk_2026_school_coverage,meram-ahmet-tevfik-ileri-imam-hatip-ortaokulu,https://teachera.com.tr/bursluluk-2026?utm_source=instagram&utm_medium=paid_social&utm_campaign=bursluluk_2026_school_coverage&utm_content=meram-ahmet-tevfik-ileri-imam-hatip-ortaokulu&utm_term=meram,"Merhaba Ahmet Tevfik İleri İmam Hatip Ortaokulu velileri, Teachera Bursluluk Sinavi 2026 basvurulari acildi. Basvuru linki: https://teachera.com.tr/bursluluk-2026?utm_source=instagram&utm_medium=paid_social&utm_campaign=bursluluk_2026_school_coverage&utm_content=meram-ahmet-tevfik-ileri-imam-hatip-ortaokulu&utm_term=meram","Merhaba Ahmet Tevfik İleri İmam Hatip Ortaokulu velileri. Teachera Bursluluk Sinavi 2026 basvurusu icin link: https://teachera.com.tr/bursluluk-2026?utm_source=instagram&utm_medium=paid_social&utm_campaign=bursluluk_2026_school_coverage&utm_content=meram-ahmet-tevfik-ileri-imam-hatip-ortaokulu&utm_term=meram
Sorulariniz icin bu numaraya yazabilirsiniz.",,social_dm,,,READY
Alakova İlkokulu,MERAM,Konya,social_paid,facebook,paid_social,bursluluk_2026_school_coverage,meram-alakova-ilkokulu,https://teachera.com.tr/bursluluk-2026?utm_source=facebook&utm_medium=paid_social&utm_campaign=bursluluk_2026_school_coverage&utm_content=meram-alakova-ilkokulu&utm_term=meram,"Merhaba Alakova İlkokulu velileri, Teachera Bursluluk Sinavi 2026 basvurulari acildi. Basvuru linki: https://teachera.com.tr/bursluluk-2026?utm_source=facebook&utm_medium=paid_social&utm_campaign=bursluluk_2026_school_coverage&utm_content=meram-alakova-ilkokulu&utm_term=meram","Merhaba Alakova İlkokulu velileri. Teachera Bursluluk Sinavi 2026 basvurusu icin link: https://teachera.com.tr/bursluluk-2026?utm_source=facebook&utm_medium=paid_social&utm_campaign=bursluluk_2026_school_coverage&utm_content=meram-alakova-ilkokulu&utm_term=meram
Sorulariniz icin bu numaraya yazabilirsiniz.",,social_dm,,,READY
Alakova Ortaokulu,MERAM,Konya,social_paid,youtube,paid_social,bursluluk_2026_school_coverage,meram-alakova-ortaokulu,https://teachera.com.tr/bursluluk-2026?utm_source=youtube&utm_medium=paid_social&utm_campaign=bursluluk_2026_school_coverage&utm_content=meram-alakova-ortaokulu&utm_term=meram,"Merhaba Alakova Ortaokulu velileri, Teachera Bursluluk Sinavi 2026 basvurulari acildi. Basvuru linki: https://teachera.com.tr/bursluluk-2026?utm_source=youtube&utm_medium=paid_social&utm_campaign=bursluluk_2026_school_coverage&utm_content=meram-alakova-ortaokulu&utm_term=meram","Merhaba Alakova Ortaokulu velileri. Teachera Bursluluk Sinavi 2026 basvurusu icin link: https://teachera.com.tr/bursluluk-2026?utm_source=youtube&utm_medium=paid_social&utm_campaign=bursluluk_2026_school_coverage&utm_content=meram-alakova-ortaokulu&utm_term=meram
Sorulariniz icin bu numaraya yazabilirsiniz.",,social_dm,,,READY
Ali İhsan Dayıoğlugil İlkokulu,MERAM,Konya,outdoor_qr,konya_outdoor,qr,bursluluk_2026_school_coverage,meram-ali-ihsan-dayioglugil-ilkokulu,https://teachera.com.tr/bursluluk-2026?utm_source=konya_outdoor&utm_medium=qr&utm_campaign=bursluluk_2026_school_coverage&utm_content=meram-ali-ihsan-dayioglugil-ilkokulu&utm_term=meram,"Merhaba Ali İhsan Dayıoğlugil İlkokulu velileri, Teachera Bursluluk Sinavi 2026 basvurulari acildi. Basvuru linki: https://teachera.com.tr/bursluluk-2026?utm_source=konya_outdoor&utm_medium=qr&utm_campaign=bursluluk_2026_school_coverage&utm_content=meram-ali-ihsan-dayioglugil-ilkokulu&utm_term=meram","Merhaba Ali İhsan Dayıoğlugil İlkokulu velileri. Teachera Bursluluk Sinavi 2026 basvurusu icin link: https://teachera.com.tr/bursluluk-2026?utm_source=konya_outdoor&utm_medium=qr&utm_campaign=bursluluk_2026_school_coverage&utm_content=meram-ali-ihsan-dayioglugil-ilkokulu&utm_term=meram
Sorulariniz icin bu numaraya yazabilirsiniz.",,qr,,,READY
Ali Taşoluk İlkokulu,MERAM,Konya,mall_screen,konya_avm,screen,bursluluk_2026_school_coverage,meram-ali-tasoluk-ilkokulu,https://teachera.com.tr/bursluluk-2026?utm_source=konya_avm&utm_medium=screen&utm_campaign=bursluluk_2026_school_coverage&utm_content=meram-ali-tasoluk-ilkokulu&utm_term=meram,"Merhaba Ali Taşoluk İlkokulu velileri, Teachera Bursluluk Sinavi 2026 basvurulari acildi. Basvuru linki: https://teachera.com.tr/bursluluk-2026?utm_source=konya_avm&utm_medium=screen&utm_campaign=bursluluk_2026_school_coverage&utm_content=meram-ali-tasoluk-ilkokulu&utm_term=meram","Merhaba Ali Taşoluk İlkokulu velileri. Teachera Bursluluk Sinavi 2026 basvurusu icin link: https://teachera.com.tr/bursluluk-2026?utm_source=konya_avm&utm_medium=screen&utm_campaign=bursluluk_2026_school_coverage&utm_content=meram-ali-tasoluk-ilkokulu&utm_term=meram
Sorulariniz icin bu numaraya yazabilirsiniz.",,avm_screen,,,READY
Atatürk İlkokulu,MERAM,Konya,social_paid,instagram,paid_social,bursluluk_2026_school_coverage,meram-ataturk-ilkokulu,https://teachera.com.tr/bursluluk-2026?utm_source=instagram&utm_medium=paid_social&utm_campaign=bursluluk_2026_school_coverage&utm_content=meram-ataturk-ilkokulu&utm_term=meram,"Merhaba Atatürk İlkokulu velileri, Teachera Bursluluk Sinavi 2026 basvurulari acildi. Basvuru linki: https://teachera.com.tr/bursluluk-2026?utm_source=instagram&utm_medium=paid_social&utm_campaign=bursluluk_2026_school_coverage&utm_content=meram-ataturk-ilkokulu&utm_term=meram","Merhaba Atatürk İlkokulu velileri. Teachera Bursluluk Sinavi 2026 basvurusu icin link: https://teachera.com.tr/bursluluk-2026?utm_source=instagram&utm_medium=paid_social&utm_campaign=bursluluk_2026_school_coverage&utm_content=meram-ataturk-ilkokulu&utm_term=meram
Sorulariniz icin bu numaraya yazabilirsiniz.",,social_dm,,,READY
Aybahçe Mah. Ahmet Haşhaş İlkokulu,MERAM,Konya,social_paid,facebook,paid_social,bursluluk_2026_school_coverage,meram-aybahce-mah-ahmet-hashas-ilkokulu,https://teachera.com.tr/bursluluk-2026?utm_source=facebook&utm_medium=paid_social&utm_campaign=bursluluk_2026_school_coverage&utm_content=meram-aybahce-mah-ahmet-hashas-ilkokulu&utm_term=meram,"Merhaba Aybahçe Mah. Ahmet Haşhaş İlkokulu velileri, Teachera Bursluluk Sinavi 2026 basvurulari acildi. Basvuru linki: https://teachera.com.tr/bursluluk-2026?utm_source=facebook&utm_medium=paid_social&utm_campaign=bursluluk_2026_school_coverage&utm_content=meram-aybahce-mah-ahmet-hashas-ilkokulu&utm_term=meram","Merhaba Aybahçe Mah. Ahmet Haşhaş İlkokulu velileri. Teachera Bursluluk Sinavi 2026 basvurusu icin link: https://teachera.com.tr/bursluluk-2026?utm_source=facebook&utm_medium=paid_social&utm_campaign=bursluluk_2026_school_coverage&utm_content=meram-aybahce-mah-ahmet-hashas-ilkokulu&utm_term=meram
Sorulariniz icin bu numaraya yazabilirsiniz.",,social_dm,,,READY
Aybahçe Toki Şehit Süleyman Ballan İlkokulu,MERAM,Konya,social_paid,youtube,paid_social,bursluluk_2026_school_coverage,meram-aybahce-toki-sehit-suleyman-ballan-ilkokulu,https://teachera.com.tr/bursluluk-2026?utm_source=youtube&utm_medium=paid_social&utm_campaign=bursluluk_2026_school_coverage&utm_content=meram-aybahce-toki-sehit-suleyman-ballan-ilkokulu&utm_term=meram,"Merhaba Aybahçe Toki Şehit Süleyman Ballan İlkokulu velileri, Teachera Bursluluk Sinavi 2026 basvurulari acildi. Basvuru linki: https://teachera.com.tr/bursluluk-2026?utm_source=youtube&utm_medium=paid_social&utm_campaign=bursluluk_2026_school_coverage&utm_content=meram-aybahce-toki-sehit-suleyman-ballan-ilkokulu&utm_term=meram","Merhaba Aybahçe Toki Şehit Süleyman Ballan İlkokulu velileri. Teachera Bursluluk Sinavi 2026 basvurusu icin link: https://teachera.com.tr/bursluluk-2026?utm_source=youtube&utm_medium=paid_social&utm_campaign=bursluluk_2026_school_coverage&utm_content=meram-aybahce-toki-sehit-suleyman-ballan-ilkokulu&utm_term=meram
Sorulariniz icin bu numaraya yazabilirsiniz.",,social_dm,,,READY
